xxxx;;;;;;;;;;;;;;x
######################################################################;;;;;;;;;;;;;;x
# Savegame transfers;;;;;;;;;;;;;;x
######################################################################;;;;;;;;;;;;;;x
SAVE_PROG;游戏进度：$VALUE$ %;Progression de la sauvegarde : $VALUE$ %;Speicherfortschritt: $VALUE$ %;Postp zapisu: $VALUE$ %;Guardado completado: $VALUE$ %;Salva progressi: $VALUE$ %;Ments folyamaban: $VALUE$%;Uloit postup: $VALUE$ %;;;;;;x
TRANSERING_SAVE;解析游戏进度中……;Dbut du transfert de la sauvegarde?;Spielstandtransfer eingeleitet ...;Rozpoczto transfer zapisanej gry...;Inicio de transferencia de datos guardados...;Trasferimento del salvataggio avviato...;Mentsttlts folyamatban?;Zaalo ukldn?...;;;;;;x
LOADING_LOCAL_SAVE;读取游戏进度中……;Chargement de la copie de sauvegarde locale?;Lokale Spielstandkopie wird geladen ...;Wczytuj? kopi? zapisanej gry lokalnej...;Cargando copia local de datos guardados...;Caricamento copia salvataggio in locale in corso...;Helyi ments betltse?;Nahrvn? mstn? uloen? hry...;;;;;;x
PLR_DISC;玩家?Y$NAME$?W离开了游戏。;Le joueur ?Y$NAME$?W a quitt? la partie.;Spieler $NAME$ hat das Spiel verlassen.;Gracz $NAME$ opuci? gr?.;El jugador ?Y$NAME$?W ha abandonado el juego.;Il giocatore $NAME$ ha lasciato la partita.;$NAME$ elhagyta a jtkot.;Hr徼 ?Y$NAME$?W opustil hru.;;;;;;x
PLR_CONNECT;玩家?Y$NAME$?W加入了游戏。;Le joueur Player ?Y$NAME$?W a rejoint la partie.;Spieler $NAME$ ist dem Spiel beigetreten.;Gracz $NAME$ do彻czy? do gry.;El jugador ?Y$NAME$?W se ha unido al juego.;Il giocatore $NAME$ partecipa alla partita.;$NAME$ csatlakozott a jtkhoz.;Hr徼 ?Y$NAME$?W se pipojil ke he.;;;;;;x
REVERT_SAVE_CAL;恢复默认数据。;Retour ? la base de donnes par dfaut.;Standard-Datenbank wird eingesetzt.;Powrt do domylnej bazy danych.;Volviendo a la base de datos por defecto.;Ripristino del database predefinito.;Visszatrs az eredeti adatbzishoz?;Reverze na vchoz? databzi.;;;;;;x
SAVE_TRANSFER_DONE;游戏进度解析完成。;Transfert de sauvegarde termin?.;Spielstandtransfer beendet.;Dokonano transferu zapisanej gry.;Transferencia de datos guardados completada.;Trasferimento del salvataggio completato.;Mentsttlts ksz.;Penos uloen? hry ukonen.;;;;;;x
######################################################################;;;;;;;;;;;;;;x
# Loading texts;;;;;;;;;;;;;;x
######################################################################;;;;;;;;;;;;;;x
LOADING_MAP_SPRITES;读取地图……;Chargement des sprites de carte?;Karten-Sprites werden geladen ...;Wczytywanie Map-Sprites...;Cargando grficos animados de mapas...;Caricamento Sprites mappa in corso...;Egysgek betltse?;Nahrvn? zmenenin na map?...;;;;;;x
LOADING_GUI_DEF;读取图形界面……;Chargement des dfinitions GUI?;GUI-Definitionen werden geladen ...;Wczytywanie definicji interfejsu graficznego...;Cargando definiciones de IGU...;Caricamento definizioni GUI in corso...;GUI betltse?;Nahrvn? definic rozhran?...;;;;;;x
LOADING_DATABASES;读取数据库……;Chargement des bases de donnes?;Datenbanken werden geladen ...;Wczytywanie baz danych...;Cargando bases de datos...;Caricamento database in corso...;Adatbzis betltse?;Nahrvn? databz?...;;;;;;x
LOADING_DATABASES2;读取数据库II……;Chargement des bases de donnes II?;;;Cargando bases de datos II...;;;;;;;;;x
INIT_MAP_LOGIC;初始化地图……;Initialisation Maplogic?;Maplogic wird initialisiert ...;Uruchamianie Maplogic...;Inicializando lgica de mapa...;Inizializzazione Maplogic in corso...;Plyatvonalak tltse?;Inicializace systmu map?;;;;;;x
CREATING_CHKSUM;创建校验点……;Cration de somme de contrle?;Prfsumme wird erstellt ...;Tworzenie sumy kontrolnej...;Creando total de chequeos...;Creazione checksum in corso...;Ellenrz? sszeg ltrehozsa?;Vytv狲en? hodnot sout?...;;;;;;x
LOADING_HISTORY;读取历史文件……;Chargement des fichiers historiques...;Geschichtsdateien werden geladen ...;Wczytywanie plikw historycznych...;Cargando archivos de historia...;Caricamento file storia in corso...;Trtnelmi fjlok betltse?;Nahrvn? soubor? s histori?...;;;;;;x
LOADING_SOUNDS;读取声音……;Chargement des sons?;Sounddateien werden geladen ...;Wczytywanie dwikw...;Cargando sonidos...;Caricamento suoni in corso...;Hangok betltse?;Nahrvn? zvuk?...;;;;;;x
PROC_FLAGS;处理变量……;Traitement des drapeaux?;Flaggen werden verarbeitet ...;Przetwarzanie flag...;Procesando banderas...;Elaborazione flag in corso...;Zszlk feldolgozsa?;Zpracovn? vlajek...;;;;;;x
LOAD_FLAGS;读取变量……;Chargement des drapeaux?;Flaggen werden geladen ...;Wczytywanie flag...;Cargando banderas...;Caricamento flag in corso...;Zszlk betltse?;Nahrvn? vlajek...;;;;;;x
LOAD_GFX;读取图像……;Chargement des graphismes?;Grafiken werden geladen ...;Wczytywanie grafiki...;Cargando grficos...;Caricamento grafica in corso...;Grafikk betltse?;Nahrvn? grafiky...;;;;;;x
CREATING_THE_WORLD;创建世界……;Cration du monde?;Die Welt wird erstellt ...;Tworzenie wiata...;Creando el mundo...;Creazione mondo in corso...;Vilg ltrehozsa?;Vytv狲en? svta...;;;;;;x
CREATING_TREES;创建树木……;Cration des arbres...;Bume werden erstellt ...;Tworzenie drzew...;Creando rboles...;Creazione alberi in corso...;Fk ltrehozsa?;Vytv狲en? porost?...;;;;;;x
CREATING_BORDERS;创建边界……;Cration des frontires...;Grenzen werden erstellt ...;Tworzenie granic...;Creando fronteras...;Creazione confini in corso...;Orszghatrok ltrehozsa?;Vytv狲en? hranic...;;;;;;x
CREATING_RIVERS;创建河流……;Cration des fleuves...;Flsse werden erstellt ...;Tworzenie rzek...;Creando ros...;Creazione fiumi in corso...;Folyk ltrehozsa?;Vytv狲en? ek...;;;;;;x
MAP_PROPERLY_INIT;地图完全初始化……;Initialisation de la carte russie?;Karte korrekt initialisiert ...;Mapa uruchomiona prawidowo...;Mapa inicializado con xito...;Mappa inizializzata correttamente...;A plya betltve?;Mapa byla sprvn? inicializovna...;;;;;;x
CREATING_PROVINCE;创建省份 #;Cration de province #;Erstellung der Provinz#;Tworzenie prowincji;Creando provincia #;Creazione provincia # in corso...;Provincia ltrehozsa?;Vytv狲en? provincie #;;;;;;x
CREATING_TEXTS;创建文本……;Cration des textes?;Texte werden erstellt ....;Tworzenie tekstw...;Creando textos....;Creazione testi in corso...;Szvegek ltrehozsa?;Vytv狲en? text?...;;;;;;x
LOAD_EVENTS;读取事件……;Chargement des vnements?;Ereignisse werden geladen ...;Wczytywanie zdarze?...;Cargando eventos...;Caricamento eventi in corso...;Esemnyek betltse?;Nahrvn? udlost?...;;;;;;x
ADAPTING_HISTORY;调节历史……;Adaptation de l'Histoire?;Geschichte wird angepasst...;Przystosowywanie historii...;adaptando historia...;Adattamento storia in corso...;Trtnelmi fjlok betltse?;Adaptace historie...;;;;;;x
CALC_PATHS;计算路径……\n这将需要几分钟。;Calcul des chemins\nCela peut prendre plusieurs minutes.;Pfade werden berechnet ...\nDies kann einige Minuten dauern.;Obliczanie cieek...\nTo moe potrwa? kilka minut.;Calculando rutas...\nEsto puede llevar varios minutos.;Calcolo percorsi in corso... \nQuesta operazione potrebbe richiedere qualche minuto.;tvonalak kiszmtsa\n Ez nhny percet is ignybe vehet?;Vpoet cest...\nTo me trvat nkolik minut.;;;;;;x
FE_TOGGLE;快速开始;Dmarrage rapide;Schnellstart;;Inicio rpido;;;;;;;;;x
FE_TOGGLE_NORMAL;自定义开始;Dmarrage personnalis?;Benutzerdefinierter Start;;Inicio personalizado;;;;;;;;;x
#######################################;;;;;;;;;;;;;;x
# Quick Start Texts;;;;;;;;;;;;;;x
#######################################;;;;;;;;;;;;;;x
FE_QS_GER_TITLE;德国，1939年九月;;;;;;;;;;X
FE_QS_GER_GOAL;征服华沙和巴黎;;;;;;;;;;X
FE_QS_GER_INFO;这个剧本的重点主要集中于战争。你可以完\n全控制你的军事力量，而电脑将为你自动处\n理其他事务。\n;;;;;;;;;;X
FE_QS_SOV_TITLE;苏联，1941年六月;;;;;;;;;;X
FE_QS_SOV_GOAL;守住斯大林格勒，莫斯科和列宁格勒;;;;;;;;;;X
FE_QS_SOV_INFO;完全控制苏联的军事力量和生产。电脑将为\n你自动处理科研、外交、情报和政治事务。\n;;;;;;;;;;X
FE_QS_JAP_TITLE;日本，1941年十二月;;;;;;;;;;X
FE_QS_JAP_GOAL;征服夏威夷和瓜达尔卡纳尔岛;;;;;;;;;;X
FE_QS_JAP_INFO;控制强有力的日本海军及登陆部队来征服太\n平洋。电脑将在其他方面帮助你操控国家的\n各个部分。\n;;;;;;;;;;X
FE_QS_USA_TITLE;美国，1936年一月;;;;;;;;;;X
FE_QS_USA_GOAL;参战;;;;;;;;;;X
FE_QS_USA_INFO;你可以完全控制生产、科研、政治和情报，\n在此基础上促进美国准备好参加第二次世界\n大战，从法西斯手中拯救世界。\n;;;;;;;;;;X
######################################################################;;;;;;;;;;;;;;x
######################################################################;;;;;;;;;;;;;;x
# Settings ;;;;;;;;;;;;;;x
FE_SETTING_DIPLOMACY;外交;Diplomatie;Diplomatie;;Diplomacia;;;;;;;;;x
FE_SETTING_PRODUCTION;生产;Production;Produktion;;Produccin;;;;;;;;;x
FE_SETTING_POLITICS;政治;Politique;Politik;;Poltica;;;;;;;;;x
FE_SETTING_INTEL;情报;Espionnage;Aufklrung;;Inteligencia;;;;;;;;;x
FE_SETTING_TECHNOLOGY;科研;Technologie;Technologie;;Tecnologa;;;;;;;;;x
FE_SETTING_UNITINTERFACE;部队;Armes;Armeen;;Ejrcitos;;;;;;;;;x
DIFF_VERY_EASY;非常简单;Trs facile;Sehr leicht;;Muy fcil;;;;;;;;;x
DIFF_EASY;简单;Facile;Leicht;;Fcil;;;;;;;;;x
DIFF_NORMAL;正常;Normal;Normal;;Normal;;;;;;;;;x
DIFF_HARD;困难;Difficile;Schwer;;Difcil;;;;;;;;;x
DIFF_VERY_HARD;非常困难;Trs difficile;Sehr schwer;;Muy difcil;;;;;;;;;x
OPT_EASY;正常;Normal;Normal;;Normal;;;;;;;;;x
OPT_EXPERT;专家;Expert;Experte;;Experto;;;;;;;;;x
OPT_AICONTROL;电脑控制;Contrle de l'IA;KI-Kontrolle;;Control de la IA;;;;;;;;;x
OPT_AI_CORP;电脑控制军级单位;Corps contrls par l'IA;KI kontrolliert Korps;;La IA controla los cuerpos;;;;;;;;;x
OPT_AI_ARMY;电脑控制集团军级单位;Armes contrls par l'IA;KI kontrolliert Armeen;;La IA controla los ejrcitos;;;;;;;;;x
OPT_AI_ARMY_GROUP;电脑控制集群级单位;Groupes d'armes contrls par l'IA;KI kontrolliert Armeegruppen;;La IA controla los grupos de ejrcito;;;;;;;;;x
OPT_AI_THEATER;电脑控制战区级单位;Th殁tres des oprations contrls par l'IA;KI kontrolliert Kriegsschaupltze;;La IA controla los teatros;;;;;;;;;x
OPT_PLAYER_CONTROL;玩家控制;Contrle du joueur;Spielersteuerung;;Control del jugador;;;;;;;;;x
OPT_NORMAL;正常;Normal;Normal;;Normal;;;;;;;;;x
######################################################################;;;;;;;;;;;;;;x
######################################################################;;;;;;;;;;;;;;x
# Misc ;;;;;;;;;;;;;;x
FE_HEAD_OF_STATE;国家元首;Chef de l'tat;Staatsoberhaupt;;Jefe de Estado;;;;;;;;;x
ATPEACE;处于和平。;En paix.;Im Frieden;;En paz.;;;;;;;;;x
ATWAR;处于战争。;En guerre.;Im Krieg;;En guerra.;;;;;;;;;x
WORLD_YEAR;$YEAR$年$MONTH$$DAY$日?Y$NAME$?W;?Y$NAME$?W, $DAY$ $MONTH$ $YEAR$;;;?Y$NAME$?W, $DAY$ de $MONTH$, $YEAR$;;;;;;;;;x
CORE_PAUSED;暂停;PAUSE;PAUSE;PAUZA;PAUSA;PAUSA;Sznet;PAUZA;;;;;;x
SM_SETTINGS;设置;Paramtres;Einstellungen;Ustawienia;Configuracin;Impostazioni;Belltsok;Nastaven?;;;;;;x
SM_GAME;游戏;Jeu;Spiel;Gra;Juego;Partita;Jtk;Hra;;;;;;x
SM_VIDEO;视频;Vido;Grafik;Grafika;Vdeo;Video;Vide?;Grafika;;;;;;x
SM_AUDIO;音频;Audio;Sound;Dwik;Sonido;Audio;Hangok;Zvuk;;;;;;x
SM_CONTROLS;控制;Contrles;Maus;Mysz;CONTROLES;Comandi;Irnyts;Ovldn?;;;;;;x
SM_MASTER_VOLUME;主音量;Volume principal;Hauptlautstrke;Gono oglna;Volumen principal;Volume generale;Hanger?;Celkov? hlasitost;;;;;;x
SM_EFFECT_VOLUME;效果音量;Volume des effets sonores;Soundeffektlautstrke;Gono efektw;Volumen de los efectos;Volume effetti;Effektek hangereje;Hlasitost zvukovch efekt?;;;;;;x
SM_MUSIC_VOLUME;音乐音量;Volume de la musique;Musiklautstrke;Gono muzyki;Volumen de la msica;Volume musica;Zene hangereje;Hlasitost hudby;;;;;;x
SM_SCROLL_SPEED;卷屏速度;Vitesse de dfilement;Scrollgeschwindigkeit;Prdko przewijania;Velocidad de desplazamiento;Velocit? scorrimento;Grgets sebessge;Rychlost posouvn?;;;;;;x
SM_ZOOM_SPEED;缩放速度;Vitesse du zoom;Zoomgeschwindigkeit;Prdko skalowania;Velocidad de zoom;Velocit? zoom;Nagyts sebessge;Rychlost zaostovn?;;;;;;x
SM_MOUSE_SPEED;鼠标速度;Vitesse de la souris;Mausgeschwindigkeit;Prdko myszy;Velocidad del ratn;Velocit? mouse;Egr sebessge;Rychlost myi;;;;;;x
SM_RESOLUTION;分辨率;Rsolution;Auflsung;Rozdzielczo;Definicin;Risoluzione;Felbonts;Rozlien?;;;;;;x
SM_REFRESH_RATE;刷新率;Taux de rafrachissement;Bildwiederholrate;Prdko odwieania;Tasa de actualizacin;Aggiornamento;Frisstsi frekvencia;Obnovovac? frekvence;;;;;;x
SM_GAMMA;亮度;Gamma;Gamma;Gamma;Gamma;Gamma;Gamma;Jas (Gamma);;;;;;x
SM_SHADOWS;阴影;Ombres;Schatten;Cienie;Sombras;Ombre;rnykok;Stnovn?;;;;;;x
SM_TREES;树木;Arbres;Bume;Drzewa;rboles;Alberi;Fk;Stromy;;;;;;x
SM_DIFFICULTY;困难度;Difficult?;Schwierigkeit;Trudno;Dificultad;Difficolt?;Nehzsg;Obtnost;;;;;;x
SM_AUTOSAVE_INTERVAL;自动储存间隔;Intervalle de sauvegarde automatique;Intervall f. autom. Speichern ;Przedzia? autozapisu;Intervalo de guardado automtico;Intervallo autosalvataggio;Automents idkze;Interval automatickho ukldn?;;;;;;x
SM_APPLY;应用;Appliquer;Anwenden;Zastosuj;Aplicar;Applicare;Alkalmaz;Pout;;;;;;x
SM_BACK;返回;Retour;Zurck;Powrt;Atrs;Indietro;Vissza;Zpt;;;;;;x
SM_ALERT;警告;Alerte;Benachrichtigung;Powiadomienie;Alerta;Avvertimento;Riad?;Vstraha;;;;;;x
SM_RESTART;你需要重启游戏以实现更改后的效果。;Vous devez redmarrer pour que la modification prenne effet.;Sie mssen den Rechner neu starten, damit die nderung in Kraft treten kann.;Aby zmiany zostay zapisane, musisz ponownie uruchomi? gr?.;Tendrs que reiniciar para que los cambios surtan efecto.;Per rendere attive le modifiche ? necessario riavviare.;Az rvnybelptetshez jra kell indtanod a programot.;Zmny se uplatn? a? po restartu hry.;;;;;;x
SM_WP;设置文件写入错误，确认文件没有写保护后重试。;Erreur lors de l'criture du fichier de paramtres. Vrifiez qu'il n'est pas protg? et ressayez.;Fehler beim Schreiben der Einstellungsdatei. Prfen Sie, ob die Datei schreibgeschtzt ist und versuchen Sie es erneut;B彻d podczas zapisu pliku ustawie?. Sprawd?, czy plik nie jest chroniony przed zapisem i sprbuj ponownie.;Error de escritura en el archivo de configuracin. Comprueba que el archivo no est? protegido contra escritura e intntalo de nuevo.;Errore di scrittura nel file delle impostazioni. Controllare che il file non sia protetto da scrittura e riprovare.;Hiba, nem sikerlt rni a belltsat tartalmaz? flba. Ellenrizd, hogy a fjl nem rs;Chyba pi zapisovn? do souboru s nastavenm. Ov禅te, zda soubor nen? chrnn ped zpisem, a pokus opakujte.;;;;;;x
FE_HOST;主机;Hberger;Host;Stwrz gr?.;Anfitrin;Host;Hoszt;Hostitel;;;;;;x
FE_JOIN_LAN_GAME;加入局域网游戏;Rejoindre une partie LAN;LAN-Spiel beitreten;Do彻cz do gry w sieci LAN.;Unirse a juego en LAN;Partecipare a partita LAN;Csatlakozs LAN jtkhoz;Pipojit se ke he v sti LAN;;;;;;x
FE_JOIN_INTERNET_GAME;加入Internet游戏;Rejoindre une partie sur Internet;Internetspiel beitreten;Do彻cz do gry internetowej.;Unirse a juego en Internet;Partecipare a partita Internet;Csatlakozs Internetes jtkhoz;Pipojit ke he v Internetu;;;;;;x
FE_SCAN;搜索;Rechercher;SCAN;skanuj;exploracin RAD;scansione;keress;sken;;;;;;x
FE_METASERVER;作为服务器;Mtaserveur;Metaserver;Metaserwer;Metaserver;Metaserver;Kztes szerver;Primrn? server;;;;;;x
FE_BACK;返回;Retour;Zurck;Powrt;Atrs;Indietro;Vissza;Zpt;;;;;;x
FE_PLAYER;玩家;Joueur;Spieler;Gracz;Jugador;Giocatore;Jtkos;Hr徼;;;;;;x
FE_PLAYER_NAME;玩家姓名：;Nom du joueur :;Spielername:;Nazwa gracza:;Nombre del jugador:;Nome giocatore:;Jtkos nv:;Jmno hr徼e:;;;;;;x
FE_SINGLE_PLAYER;单人游戏;Un joueur;Einzelspieler;Gra pojedyncza;Un jugador;Giocatore singolo;Egyjtkos md;Hra pro jednoho hr徼e;;;;;;x
FE_MULTI_PLAYER;多人游戏;Multi-joueurs;Mehrspieler;Gra wieloosobowa;Multijugador;Multigiocatore;Tbbjtkos md;Hra pro vce hr徼?;;;;;;x
FE_OPTIONS;选项;Options;Optionen;Opcje;Options;Opzioni;Belltsok;Monosti;;;;;;x
FE_CREDITS;制作名单;Gnrique;Credits;Twrcy gry;Crditos;Riconoscimenti;Ksztk;Autoi;;;;;;x
FE_EXIT;退出;Quitter;Beenden;Wyjcie;Salir;Esci;Kilps;Konec;;;;;;x
FE_NATION_TO_PLAY;选择你想要使用的国家。;Cliquez sur la nation avec laquelle vous voulez jouer?;Klicken Sie auf das Land, dessen Geschicke Sie leiten mchten ?;Kliknij pastwo, ktrym chcesz wada?...;Haz clic en la nacin con la que desees jugar...;Fare clic sulla nazione con cui si desidera giocare...;Kattints arra a nemzetre, amelyikkel jtszani szeretnl;Klepnutm vyberte nrod, za kter? chcete hrt...;;;;;;x
FE_NEW_GAME;开始新游戏;Nouvelle partie;Neues Spiel;Nowa gra;Nueva partida;Nuova partita;j jtk;Nov? hra;;;;;;x
FE_SAVE_GAME;储存游戏;Sauvegarder des parties;Spiele speichern;Zapisz gr?;Guardar partida;Salva partite;Mentsek;Uloit hry;;;;;;x
FE_HISTORICAL_START;史实开局;Dbut historique;Historischer Start;Start historyczny;Inicio histrico;Avvio storico;Trtnelemhsg;Historick? za栳tek;;;;;;x
FE_SAVED_GAMES;从存档开始;Parties sauvegardes;Spielestnde;Zapisane gry;Partidas guardadas;Partite salvate;Mentsek;Uloen? hry;;;;;;x
FE_SELECT_NATION;点击地图以选择国家。;Select one of the 4 countries below.;Select one of the 4 countries below.;Select one of the 4 countries below.;Select one of the 4 countries below.;Select one of the 4 countries below.;Select one of the 4 countries below.;Select one of the 4 countries below.;;;;;;x
FE_NO_COUNTRY_SELECTED;尚未选择国家;Aucun pays n'est slectionn?;Kein Land ausgewhlt;Nie wybrano pastwa;No se ha seleccionado pas;Nessun paese selezionato;Nincs orszg kijellve.;Nebyla vybrna dn? zem?;;;;;;x
FE_MILITARY;军事;Militaire;Militr;Wojsko;Militar;Militare;Hadsereg;Vojenstv?;;;;;;x
FE_ECONOMY;经济;conomie;Wirtschaft;Ekonomia;Economa;Economia;Gazdasg;Ekonomika;;;;;;x
FE_DIPLOMACY;外交;Diplomatie;Diplomatie;Dyplomacja;Diplomacia;Diplomazia;Diplomcia;Diplomacie;;;;;;x
FE_DIFFICULTY;难度;Difficult? :;Schwierigkeit:;Trudno:;Dificultad:;Difficolt?:;Nehzsg:;Obtnost:;;;;;;x
FE_AT_WAR;战争状态：;En guerre :;Im Krieg:;W stanie wojny:;En guerra:;In guerra:;Hborban:;Ve vlce:;;;;;;x
FE_ALLIES;同盟国家：;Allis :;Bndnispartner:;Sojusze:;Aliados:;Alleati:;Szvetsgesek:;Spojenci:;;;;;;x
FE_LOAD;读取;CHARGER;LADEN;WCZYTAJ;CARGAR;CARICARE;BETLTS;NAHRT;;;;;;x
FE_BOOKEDMARKED;战役时间：;Dates ayant un signet :;Markierte Daten:;Oznaczone daty:;Fechas sealadas:;Date importanti:;Mentett idpontok;Oznaen? data:;;;;;;x
FE_STARTING_DATE;开始时间;Date de dbut;Startdatum;Data pocztkowa;Fecha de inicio;Data di inizio;Kezds dtuma;Datum startu;;;;;;x
FE_BOOKMARK_TITLE;战役名称;Titre du signet;Titelmarkierung;Tytu? zakadki;Sealar ttulo;Titolo data importante;Knyvjelz? neve;Titul zloky;;;;;;x
FE_BOOKMARK_DATE;战役时间;Appliquer un signet ? la date;Datumsmarkierung;Data zakadki;Sealar fecha;Data importante;Knyvjelz? dtuma;Datum zloky;;;;;;x
FE_LOCAL_GAMES;本地游戏;parties locales;lokale Spiele;gry lokalne;Partidas locales;partite in locale;helyi jtkok;mstn? hry;;;;;;x
FE_MY_GAME;我的游戏;Ma partie;Mein Spiel;Moja gra;Mi partida;Partita personale;Sajt jtk;M? hra;;;;;;x
FE_CANCEL;取消;Annuler;Abbrechen;Anuluj;Cancelar;Annullare;Mgse;Zruit;;;;;;x
PLAYER_LOST_TITLE;玩家断开连接。;Joueur dconnect?.;Verbindung zum Spieler getrennt.;Gracz niedostpny;Jugador desconectado.;Giocatore disconnesso.;Jtkos lekapcsolddott;Hr徼 byl odpojen.;;;;;;x
PLAYER_LOST_DESC;玩家$playername$断开了连接，选择你的行动。;Joueur(s) $playername$ dconnect?(s). Choisissez votre action.;Verbindung der/des Spieler/s $playername$ getrennt.;Gracz(e) $playername$ niedostpny(-ni). Wybierz opcj?.;Jugador(s) $playername$ desconectado. Escoge una accin.;Giocatore/i $playername$ disconnesso/i. Cosa intendi fare?;$playername$ jtkos lekapcsoldott. Vlassz valamit.;Hr徼 $playername$ byl odpojen. Vyberte akci.;;;;;;x
SERVER_LOST_TITLE;丢失主机！;Connexion perdue avec le serveur !;Serververbindung getrennt!;Serwer niedostpny!;?Servidor perdido!;Server scollegato!;A szerverkapcsolat megszakadt!;Server ztracen!;;;;;;x
SERVER_LOST_DESC;主机已经丢失，游戏即将终止。;Le serveur a t? perdu. La partie va tre termine.;Die Serververbindung wurde getrennt. Das Spiel wird beendet.;Serwer jest niedostpny. Nastpi koniec gry.;Se ha perdido el servidor. La partida finalizar?.;Il server non ? pi? collegato. La partita verr? terminata.;A szerverkapcsolat megszakadt. Vget rt a jtk.;Server byl ztracen. Hra skon桧.;;;;;;x
OK;好的;Ok;Ok;OK;Aceptar;Ok;Rendben;Ok;;;;;;x
CANCEL;取消;Annuler;Abbrechen;Anuluj;Cancelar;Annullare;Mgsem;Zruit;;;;;;x
SAVE;储存;Sauvegarder;Speichern;Zapisz;Guardar;Salvare;Ments;Uloit;;;;;;x
QUIT;退出;Quitter;Beenden;Wyjd?;Salir;Uscire;Kilps;Konec;;;;;;x
START;开始;Commencer;Start;Rozpocznij;Inicio;Avviare;Indts;Spustit;;;;;;x
CONTINUE;继续;Continuer;Fortfahren;Kontynuuj;Continuar;Continuare;Folytats;Pokraovat;;;;;;x
CONNECTED;已连接。;Connect?.;Verbindung aktiv.;Po彻czony.;Conectado.;Connesso.;Kapcsoldva.;Pipojeno.;;;;;;x
NAME_TAKEN;你已被击败，请离开并选择其他游戏。;Votre nom est dj? utilis?. Veuillez quitter et en choisir un autre.;Dieser Name ist bereits vergeben. Bitte beenden Sie und whlen einen anderen.;Nazwa jest ju? zajta. Wybierz inn?.;El nombre elegido ya est? en uso. Por favor, sal y selecciona otro.;Nome esistente. Uscire e selezionare un altro nome.;Ezt a nevet mr hasznljk. Krlek, vlassz msikat.;Toto jmno nen? k dispozici. Vyberte si jin? jmno.;;;;;;x
CONNECTING;连接中……;Connexion?;Verbindung wird hergestellt ?;Trwa 彻czenie...;Conectando...;Connessione in corso...;Kapcsolds?;Pipojen;;;;;;x
BANNED;你已被此游戏封禁;Vous avez t? banni de cette partie;Sie wurden von diesem Spiel ausgeschlossen;Masz zakaz uczestnictwa w tej grze.;Has sido vetado para esta partida;Sei stato espulso dalla partita.;Ki vagy tiltva ebbl a jtkbl;Byl vm zakzn p?stup k tto he;;;;;;x
CONNECTION_FAILED;连接失败！;La connexion a chou? !;Verbindungsherstellung fehlgeschlagen!;Nie udao si? po彻czy?!;?Fallo de conexin!;Connessione non riuscita!;Kapcsolds sikertelen!;Pipojen? se nezdailo!;;;;;;x
GAME_NOT_FOUND;没有找到游戏。;Partie introuvable.;Spiel nicht gefunden.;Nie znaleziono gry.;No se ha encontrado la partida.;Partita non rilevata.;Jtk nem tallhat?;Hra nebyla nalezena.;;;;;;x
WAITING_FOR_PLAYERS;等待玩家……;En attente de joueurs?;Warte auf Spieler ...;Oczekiwanie na graczy...;Esperando jugadores...;In attesa di altri giocatori...;Vrakozs a jtkosokra?;ekm na hr徼e...;;;;;;x
ALL_PLAYERS_HERE;所有玩家就位。;Tous les joueurs prsents.;Alle Spieler anwesend.;Wszyscy gracze obecni.;Todos los jugadores presentes.;Tutti i giocatori sono presenti.;Minden jtkos jelen van.;Vichni hr徼i jsou zde.;;;;;;x
LOOKING_FOR_HOST;搜寻主机……;Recherche de l'hte?;Suche nach Host ...;Trwa poszukiwanie gospodarza...;Buscando anfitrin...;Ricerca host in corso...;Kiszolgl? keresse?;Hledn? hostitele...;;;;;;x
LOST_PLAYER;一个玩家已经丢失……;Un joueur a t? perdu?;Die Verbindung eines Spielers wurde getrennt ...;Gracz jest niedostpny...;Se ha perdido un jugador...;Un giocatore ? stato perduto...;Egy jtkos eltnt?;Hr徼 byl ztracen...;;;;;;x
SERVER_LOST;服务器已经丢失。;La connexion avec le serveur a t? perdue.;Die Serververbindung wurde getrennt.;Serwer jest niedostpny.;Se ha perdido el servidor.;Il server non ? pi? collegato.;A kapcsolat a szerverrel megszakadt.;Server byl ztracen.;;;;;;x
JOIN_IP_TITLE;输入IP地址……;Saisissez l'adresse IP?;IP-Adresse eingeben ?;Wprowad? adres IP...;Introduce la direccin IP...;Immettere un indirizzo IP...;rd be az IP cmet:;Zadejte adresu IP...;;;;;;x
HOST_TITLE;输入你的游戏名称……;Saisissez le nom de votre partie?;Geben Sie den Namen Ihres Spiels ein...;Wprowad? nazw? gry...;Introduce el nombre de tu partida...;Immettere il nome della partita...;rd be a jtk nevt?;Zadejte nzev sv? hry...;;;;;;x
HOST_BUTTON;主机;Hte;Host;Stwrz gr?.;Anfitrin;Host;Kiszolgl?;Hostitel;;;;;;x
JOIN_BUTTON;加入;Rejoindre;Beitreten;Do彻cz;Unirse a una;Partecipare;Csatlakozs;Pipojit;;;;;;x
LOG_SETTING_LOG;在日志中显示。;Afficher dans l'historique.;In Log anzeigen.;Poka? w dzienniku.;Mostrar en el registro.;Visualizzare nella cronologia.;Naplzs megjelentse;Zobrazit v protokolu.;;;;;;x
LOG_SETTING_POPUP;打开弹出窗口。;Ouvrir une fentre de popup.;Popup-Fenster aufrufen.;Otwrz okno.;Abrir ventana emergente.;Aprire una finestra popup.;Felugr? ablak megnyitsa;Zobrazit rozevrac? okno.;;;;;;x
LOG_SETTING_MAP;在地图上显示。;Montrer sur la carte.;Auf Karte zeigen.;Poka? na mapie.;Mostrar sobre el mapa.;Visualizzare sulla mappa.;Trkpen val? jells;Zobrazit na map?.;;;;;;x
LOG_SETTING_IDLE;显示为闲置信息。;Afficher en tant que message Inactif.;Als Idle-Nachricht anzeigen.;Wywietl jako wiadomo nieaktywn?.;Mostrar como mensaje secundario.;Visualizzare come messaggio inattivo.;resjrati zenetknt val? megjelents;Zobrazit jako zprvu o neinnosti.;;;;;;x
QUIT_TITLE;退出游戏;Quitter le jeu;Spiel beenden;Wyjd? z gry;Abandonar el juego;Uscire dal gioco;Kilps;Ukonit hru;;;;;;x
QUIT_DESC;你确定要退出游戏并返回桌面吗？;tes-vous sr de vouloir quitter le jeu et retourner au bureau ?;Mchten Sie wirklich beenden und zum Desktop zurckkehren?;Czy na pewno chcesz wyj z gry do Windows?;Ests seguro de que deseas abandonar y volver al escritorio?;Uscire e tornare al desktop?;Biztos vagy benne, hogy ki szeretnl lpni a jtkbl?;Opravdu chcete ukonit hru?;;;;;;x
ZOOM_IN;放大;Zoomervers l'avant;Vergr鲞ern.;Powiksz;Acerca el zoom;Ingrandire.;Kzelts;Zaostit nablzko.;;;;;;x
ZOOM_OUT;缩小;Zoomer vers l'arrire;Verkleinern.;Pomniejsz;Aleja el zoom;Rimpicciolire.;Tvolts;Zaostit na dlku.;;;;;;x
RESIGN_TITLE;放弃游戏;Abandonner la partie;Spiel aufgeben;Zakocz gr?;Renunciar a partida;Abbandonare la partita;Jtk feladsa;Odstoupit ze hry;;;;;;x
RESIGN_DESC;你确定要放弃游戏并返回主菜单吗？;tes-vous sr de vouloir abandonner et retourner au menu principal ?;Mchten Sie aufgeben und zum Hauptmen? zurckkehren?;Czy naprawd? chcesz skoczy? gr? i wrci? do menu g丑wnego?;Ests seguro de que deseas renunciar a esta partida y volver al escritorio?;Abbandonare la partita e tornare al menu principale?;Biztos vagy benne, hogy feladod, s visszatrsz a fmenbe?;Opravdu chcete ukonit hru a vrtit se do hlavn? nabdky?;;;;;;x
SCAN;搜索;Rechercher;Scan;Skanuj;Escanear;Scansione;Keres;Skenovn?;;;;;;x
STOP_SCAN;停止搜索;Arrter la recherche;Stop;Przerwij skanowanie;Detener escaneado;Interrompere scansione;Keress meglltsa;Zastavit skenovn?;;;;;;x
TIP_KICK;踢除玩家;Expulser le joueur;Spieler hinauswerfen;Wyrzu? gracza;Expulsar jugador;Espelli giocatore;Jtkos kirgsa;Vylouit hr徼e;;;;;;x
TIP_BAN;在本次通讯中封禁玩家;Bannir le joueur pour la dure de cette session;Spieler fr die Dauer dieser Session ausschlieen;Zabro? graczowi uczestnictwa w grze na czas trwania tej sesji.;Vetar al jugador durante el resto de la sesin.;Bandisci il giocatore fino al termine della sessione;Jtkos kitiltsa egy ideig ebbl a jtkbl;Zakzat hr徼i p?stup po zbytek relace;;;;;;x
PLAYER_KICKED;$NAME$被主机踢除。;$NAME$ a t? expuls? par l'hte.;$NAME$ wurde vom Host hinausgeworfen.;$NAME$ zosta? usunity z gry przez gospodarza.;$NAME$ fue expulsado por el anfitrin.;Il giocatore $NAME$ ? stato espulso dall'host.;$NAME$-t kirgta a hoszt.;$NAME$ byl hostitelem vylouen.;;;;;;x
PLAYER_BANNED;$NAME$被主机封禁。;$NAME$ a t? banni par l'hte.;$NAME$ wurde vom Host ausgeschlossen.;$NAME$ zosta? zablokowany przez gospodarza.;$NAME$ fue vetado por el anfitrin.;Il giocatore $NAME$ ? stato bandito dall'host.;$NAME$-t bannolta a hoszt.;$NAME$ byl hostitelem potrestn.;;;;;;x
YOUKICKED;由于你的不当行为，你已经被主机踢除！;Votre mauvais comportement vous a valu de vous faire expulser par l'hte !;Sie wurden vom Host fr Ihre bsen Taten hinausgeworfen!;Za swoje nikczemne czyny zostae? usunity z gry przez gospodarza!;?El anfitrin te ha vetado por tu mal comportamiento!;Sei stato espulso dall'host per il tuo comportamento scorretto!;rdgi cselekedeteid miatt kirgott a hoszt!;Byli jste ze hry vyloueni hostitelem!;;;;;;x
BAD_VERSION;主机游戏为另一个版本！;L'hte possde une autre version du jeu !;Der Host hat eine andere Spielversion!;Gospodarz ma inn? wersj? gry!;?El anfitrin tiene otra versin del juego!;L'host ha una versione diversa del gioco!;A hosztnak ms a jtkverzija.;Hostitel pouv? jinou verzi hry!;;;;;;x
JOINED_CHANNEL;加入$CHAN$频道。;Canal $CHAN$ rejoint.;Kanal $CHAN$ beitreten.;Do彻czy? do kanau $CHAN$.;Te has unido al canal $CHAN$.;Partecipa al canale $CHAN$.;Csatlakoztl a szobhoz: $CHAN$.;Pipojili jste se ke kanlu $CHAN$.;;;;;;x
USER_JOINED_CHANNEL;$NAME$加入了频道。;$NAME$ a rejoint le canal.;$NAME$ ist dem Kanal beigetreten.;Gracz $NAME$ do彻czy? do kanau.;$NAME$ se uni? al canal.;Il giocatore $NAME$ partecipa al canale.;$NAME$ csatlakozott a szobhoz.;$NAME$ se pipojil ke kanlu.;;;;;;x
USER_LEFT_CHANNEL;$NAME$离开了频道。;$NAME$ a quitt? le canal.;$NAME$ hat den Kanal verlassen.;$NAME$ opuci? kana?.;$NAME$ abandon? canal.;Il giocatore $NAME$ ha lasciato il canale.;$NAME$ elhagyta a szobt.;$NAME$ opustil kanl.;;;;;;x
METASERVER_GAME_INFO;创建者：$CREATOR$\n日期：$DATE$;Crateur : $CREATOR$ \n Date : $DATE$;Ersteller: $CREATOR$ \n Datum: $DATE$;Twrca: $CREATOR$ \n Dane: $DATE$;Creador: $CREATOR$ \n Fecha: $DATE$;Creatore: $CREATOR$ \n Data: $DATE$;Tulajdonos: $CREATOR$ \n Dtum: $DATE$;Tvrce: $CREATOR$ \n Datum: $DATE$;;;;;;x
MESSAGE_IS_POPUP;此类信息将$TRUTH$显示于弹出窗口中。;Ce type de message $TRUTH$ est actuellement affich? comme popup.;Dieser Nachrichtentyp wird momentan $TRUTH$ als Popup angezeigt.;Ten rodzaj wiadomoci aktualnie $TRUTH$ wywietlany w oknie.;Este tipo de mensaje actualmente $TRUTH$ representado en una ventana emergente.;Questo tipo di messaggio al momento $TRUTH$ visualizzato come popup.;Az zenettpus megjelenik elugr? ablakknt:;Tato zprva se prv? $TRUTH$ zobrazila v rozevracm okn?.;;;;;;x
MESSAGE_IS_LOG;此类信息将$TRUTH$显示于日志中。;Ce type de message $TRUTH$ est actuellement affich? dans l'historique.;Dieser Nachrichtentyp wird momentan $TRUTH$ im Log angezeigt.;Ten rodzaj wiadomoci aktualnie $TRUTH$ wywietlany w dzienniku gry.;Este tipo de mensaje actualmente $TRUTH$ representado en el registro.;Questo tipo di messaggio al momento $TRUTH$ visualizzato nella cronologia.;Az zenettpus lthat? az zenetnaplban: ;Tato zprva se prv? $TRUTH$ zobrazila v protokolu.;;;;;;x
MESSAGE_IS_ONMAP;此类信息将$TRUTH$显示于地图上（如果可用）。;Ce type de message $TRUTH$ est actuellement affich? sur la carte (si applicable);Dieser Nachrichtentyp wird momentan $TRUTH$ auf der Karte angezeigt (falls mglich).;Ten rodzaj wiadomoci aktualnie $TRUTH$ wywietlany na mapie (w stosownych przypadkach).;Este tipo de mensaje actualmente $TRUTH$ representado en el mapa (si procede).;Questo tipo di messaggio al momento $TRUTH$ visualizzato sulla mappa (se appropriato).;Az zenettpus lthat? a trkpen: ;Tato zprva se prv? $TRUTH$ zobrazila na map? (je-li k dispozici).;;;;;;x
MESSAGE_SETTING_TRUE;是;est;ist;jest;est?;?;BE;je;;;;;;x
MESSAGE_SETTING_FALSE;否;n'est pas;ist nicht;nie jest;no est?;non ?;KI;nen?;;;;;;x
MENU_BAR_SAVE_GAME;储存游戏;Sauvegarder la partie;Spiel speichern;Zapisz gr?;Guardar partida;Salva partita;Ments;Uloit hru;;;;;;x
MENU_BAR_GAME_OPTIONS;游戏选项;Options de jeu;Spieloptionen;Opcje gry;Opciones del juego;Opzioni di gioco;Belltsok;Hern? nastaven?;;;;;;x
MENU_BAR_GAME_RESIGN;放弃游戏;Abandonner;Partie Beenden;Zrezygnuj;Renunciar;Abbandona;Felads;Rezignovat;;;;;;x
MENU_BAR_MESSAGE_SETTINGS;信息设置;Paramtres des messages;Nachrichten-Einstellungen;Ustawienia wiadomoci;Configuracin de los mensajes;Impostazione dei messaggi;zenetek belltsai;Nastaven? zprv;;;;;;x
MENU_BAR_QUIT;退出游戏;Quitter;Beenden;Wyjcie;Salir;Uscire;Kilps;Konec;;;;;;x
MENU_BAR_CLOSE;关闭;Fermer;Schlieen;Zamknij;Cerrar;Chiudere;Bezrs;Zav?t;;;;;;x
MENU_BAR_SAVE;储存;Sauvegarder;Speichern;Zapisz;Guardar;Salvare;Ments;Uloit;;;;;;x
MENU_BAR_SAVE_GAME_FILENAME;储存文件名为：;Nom du fichier de la partie sauvegarde :;Dateinamen speichern:;Nazwa zapisanego pliku:;Nombre de archivo de partida guardada:;Nome file salvataggio:;Ments fjlneve:;Nzev uloen? hry:;;;;;;x
CHAT_ALLIES;盟国;Allis;Verbndete;Sojusz.;Aliados;Alleati;Szvetsgesek;Spojenci;;;;;;x
CHAT_FOES;敌人;Ennemis;Feinde;Wrog.;Enemigos;Nemici;Ellensgek;Nep?tel?;;;;;;x
CHAT_ALL;全部;Tous;Alle;Wszyscy;Todos;Tutti;Mindenki;Vichni;;;;;;x
CHATMESSAGE_SETUP;当你接收到一条聊天信息;Lorsque vous recevez un message sur le chat;Wenn Sie eine Chatmessage erhalten;Kiedy otrzymujesz wiadomo;Cuando recibes un mensaje de dilogo;Quando ricevi un messaggio chat;Ha zenetet kapsz;Kdy? obdrte zprvu;;;;;;x
CHATMESSAGE_HEADER;聊天信息;Message de chat;Chatmessage;Wiadomo;Mensaje de dilogo;Messaggio chat;Csevejzenet;Zprva;;;;;;x
CHATMESSAGE_1;收到新信息;Communication entrante,;Kommunikationseingang;Przychodzca wiadomo;Comunicacin entrante,;Comunicazione in arrivo,;Bejv? zenet;P?choz? rozhovor,;;;;;;x
CHATMESSAGE_2;*;*;*;*;*;*;*;;;;;;;x
CHATMESSAGE_3;$TEXT$;$TEXT$;$TEXT$;$TEXT$;$TEXT$;$TEXT$;$TEXT$;$TEXT$;;;;;;x
CHATMESSAGE_4;*;*;*;*;*;*;*;;;;;;;x
CHATMESSAGE_5;*;*;*;*;*;*;*;;;;;;;x
CHATMESSAGE_6;*;*;*;*;*;*;*;;;;;;;x
CHATMESSAGE_LOG;$TEXT$;$TEXT$;$TEXT$;$TEXT$;$TEXT$;$TEXT$;$TEXT$;$TEXT$;;;;;;x
CHATMESSAGE_BTN1;好;OK;OK;OK;OK;OK;Rendben;OK;;;;;;x
CHATMESSAGE_BTN2;好;OK;OK;OK;OK;OK;Rendben;OK;;;;;;x
CHATMESSAGE_BTN3;查看;Aller ?;GOTO;Id? do;Ir all?;Andare;Ugrs;Pejt na;;;;;;x
CHATMESSAGE_MAP;*;*;*;*;*;*;*;;;;;;;x
######################################################################;;;;;;;;;;;;;;x
######################################################################;;;;;;;;;;;;;;x
# Meta Server;;;;;;;;;;;;;;x
MS_USERNAME;用户名：;Nom d'utilisateur :;Benutzername:;Nazwa uytkownika;Nombre de usuario:;Nome utente:;Felhasznli nv:;Jmno uivatele:;;;;;;x
MS_PASSWORD;密码：;Mot de passe :;Kennwort:;Haso;Contrasea:;Password:;Jelsz?:;Heslo:;;;;;;x
MS_CREATE_GAME;创建游戏;Crer une partie;Spiel erstellen;Stwrz gr?;Crear juego;Creare partita;j jtk;Vytvoit hru;;;;;;x
MS_NAME;名称：;Nom :;Name:;Nazwa:;Nombre:;Nome:;Nv;Jmno:;;;;;;x
MS_USE_PASSWORD;使用密码;Utiliser un mot de passe;Kennwort benutzen;Uyj hasa;Usar contrasea;Usare password;Jelsz? hasznlata;Pout heslo;;;;;;x
MS_JOIN_GAME;加入游戏;Rejoindre la partie;Spiel beitreten;Do彻cz do gry;Unirse al juego;Partecipare alla partita;Csatlakozs sikertelen;Pipojit ke he;;;;;;x
MS_PASSWD;密码;Mot de passe;Kennwort;Haso;Contrasea;Password;Jelsz?;Heslo;;;;;;x
MS_ALERT;警告;Alerte;Benachrichtigung;Powiadomienie;Alerta;Avvertimento;Riad?;Vstraha;;;;;;x
MS_CONNECTION_FAILED;连接失败！;La connexion a chou? !;Verbindung nicht zustande gekommen!;Nie udao si? po彻czy?!;?Fallo de conexin!;Connessione non riuscita!;Csatlakozs sikertelen;Pipojen? se nezdailo!;;;;;;x
MS_CHANNELS;频道;Canaux;Kanle;Kanay;Canales;Canali;Csatornk;Kanly;;;;;;x
MS_METASERVER_LOGIN;服务器登陆;Se connecter au mtaserveur;Metaserver-Login;Login metaserwera;Inicio de sesin en Metaserver;Login metaserver;Kztes szerver bejelentkezs;Pihlen? k primrnmu serveru;;;;;;x
MS_JOINGAME;加入游戏;Rejoindre la partie;Spiel beitreten;Do彻cz do gry;Unirse al juego;Partecipare alla partita;Csatlakozs;Pipojit ke he;;;;;;x
MS_REFRESH;刷新;Actualiser;Aktualisieren;Odwie?;Actualizar;Aggiornare;Frissts;Aktualizovat;;;;;;x
MS_START;开始;Commencer;Start;Start;Inicio;Avviare;Start;Spustit;;;;;;x
MS_BACK;返回;Retour;Zurck;Powrt;Atrs;Indietro;Vissza;Zpt;;;;;;x
MS_JOIN;加入;Rejoindre;Beitreten;Do彻cz;Unirse a una;Partecipare;Csatlakozs;Pipojit;;;;;;x
MS_JOIN_CHANNEL;加入频道;Rejoindre le canal;Kanal beitreten;Do彻cz do kanau;Unirse a un canal;Partecipare al canale;Csatlakozs a csatornhoz;Pipojit ke kanlu;;;;;;x
MS_LOGIN;登陆;Se connecter;Anmelden;Login;Inicio de sesin;Login;Bejelentkezs;Pihlsit;;;;;;x
MS_CREATE;创建;Crer;Erstellen;Stwrz;Crear;Creare;j jtk;Vytvoit;;;;;;x
MS_GAMES;游戏;Parties;Spiele;Gry;Juegos;Partite;Jtk;Hry;;;;;;x
MS_INFORMATION;信息;Informations;Information;Informacje;La informacin;Informazioni;Informci?;Informace;;;;;;x
MS_CHAT;聊天;Chat;Chat;Chat;Dilogo;Chat;Csevej;Konverzace;;;;;;x
MS_CHANNEL_PLAYER;#频道名称/玩家列表;#Channelname/Playerlist;#Kanalname/Spielerliste;#Nazwa kanau/Lista graczy;#Nombre de canal/Lista de jugadores;#Nome canale/elenco giocatori;#csatornanv/jtkoslista;#Nzev kanlu/Seznam hr徼?;;;;;;x
MS_CONNECTION_LOST;连接丢失。;Connexion perdue.;Verbindung getrennt.;Po彻czenie zerwane.;Conexin perdida.;Connessione interrotta.;A kapcsolat megszakadt;Pipojen? perueno.;;;;;;x
