##################################################;;;;;;;;;;;;;;x
# Parties of the different nations ;;;;;;;;;;;;;;x
##################################################;;;;;;;;;;;;;;x
national_socialist_AFG;(NS) Afghan Nationalist Party;;;;;;;;;;;;;x
fascistic_AFG;(F) Afghan Fascist League;;;;;;;;;;;;;x
paternal_autocrat_AFG;(PA) National Revolutionary Party;;;;;;;;;;;;;x
social_conservative_AFG;(SC) Afghan Conservative Party;;;;;;;;;;;;;x
market_liberal_AFG;(ML) Afghan Liberal Party;;;;;;;;;;;;;x
social_liberal_AFG;(SL) National Congress Party of Afghanistan;;;;;;;;;;;;;x
social_democrat_AFG;(SD) Afghan Social Democratic Party;;;;;;;;;;;;;x
left_wing_radical_AFG;(LR) Revolutionary Group of the Peoples of Afghanistan;;;;;;;;;;;;;x
leninist_AFG;(L) People's Democratic Party of Afghanistan;;;;;;;;;;;;;x
stalinist_AFG;(S) Communist Party of Afghanistan;;;;;;;;;;;;;x
national_socialist_ALB;(NS) Partia Nacionale e Shqipërisë;;;;;;;;;;;;;x
fascistic_ALB;(F) Partia Fashiste e Shqipërisë;;;;;;;;;;;;;x
paternal_autocrat_ALB;(PA) Partia Monarkiste e Shqipërisë;;;;;;;;;;;;;x
social_conservative_ALB;(SC) Partia Balli Kombëtar Shqiptar;;;;;;;;;;;;;x
market_liberal_ALB;(ML) Partia Republikane e Shqipërisë;;;;;;;;;;;;;x
social_liberal_ALB;(SL) Partia Demokratike e Shqipërisë;;;;;;;;;;;;;x
social_democrat_ALB;(SD) Partia Socialiste e Shqipërisë;;;;;;;;;;;;;x
left_wing_radical_ALB;(LR) Partia Leniniste e Punës e Shqipërisë;;;;;;;;;;;;;x
leninist_ALB;(L) Partia Komuniste e Shqipërisë;;;;;;;;;;;;;x
stalinist_ALB;(S) Partia e Punës e Shqipërisë;;;;;;;;;;;;;x
national_socialist_ARG;(NS) Movimiento Nacional Socialista;;;;;;;;;;;;;x
fascistic_ARG;(F) Frente Justicialista;;;;;;;;;;;;;x
paternal_autocrat_ARG;(PA) Partido Justicialista;;;;;;;;;;;;;x
social_conservative_ARG;(SC) Partido Demócrata Cristiano;;;;;;;;;;;;;x
market_liberal_ARG;(ML) Partido Nacional;;;;;;;;;;;;;x
social_liberal_ARG;(SL) Frente para la Victoria;;;;;;;;;;;;;x
social_democrat_ARG;(SD) Partido Socialista;;;;;;;;;;;;;x
left_wing_radical_ARG;(LR) Unión Cívica Radical;;;;;;;;;;;;;x
leninist_ARG;(L) Partido Obrero;;;;;;;;;;;;;x
stalinist_ARG;(S) Partido Comunista de la Argentina;;;;;;;;;;;;;x
national_socialist_AUS;(NS) Nationalsozialistische Deutsche Arbeiterpartei;;;;;;;;;;;;;x
fascistic_AUS;(F) Vaterländische Front;;;;;;;;;;;;;x
paternal_autocrat_AUS;(PA) Großdeutsche Volkspartei;;;;;;;;;;;;;x
social_conservative_AUS;(SC) Christlichsoziale Partei;;;;;;;;;;;;;x
market_liberal_AUS;(ML) Landbund;;;;;;;;;;;;;x
social_liberal_AUS;(SL) Österreichse Sozialliberalen Partei;;;;;;;;;;;;;x
social_democrat_AUS;(SD) Sozialdemokratische Arbeiterpartei Österreichs;;;;;;;;;;;;;x
left_wing_radical_AUS;(LR) Schutzbund;;;;;;;;;;;;;x
leninist_AUS;(L) Marxistisch-Leninistische Partei Österreichs;;;;;;;;;;;;;x
stalinist_AUS;(S) Kommunistische Partei Österreichs;;;;;;;;;;;;;x
national_socialist_BEL;(NS) Verdinaso;;;;;;;;;;;;;x
fascistic_BEL;(F) Parti Rexiste;;;;;;;;;;;;;x
paternal_autocrat_BEL;(PA) Vlaamsch Nationaal Verbond;;;;;;;;;;;;;x
social_conservative_BEL;(SC) Katholieke Unie;;;;;;;;;;;;;x
market_liberal_BEL;(ML) Liberale Partij;;;;;;;;;;;;;x
social_liberal_BEL;(SL) Afgescheurde Liberalen;;;;;;;;;;;;;x
social_democrat_BEL;(SD) Belgische Werkliedenpartij;;;;;;;;;;;;;x
left_wing_radical_BEL;(LR) Parti Communiste Revolutionnaire;;;;;;;;;;;;;x
leninist_BEL;(L) Parti Communiste de Belgique - Marxiste-Léniniste;;;;;;;;;;;;;x
stalinist_BEL;(S) Kommunistische Partij van België;;;;;;;;;;;;;x
national_socialist_BHU;(NS) Bhutan National Socialist Party;;;;;;;;;;;;;x
fascistic_BHU;(F) Bhutan Fascist League;;;;;;;;;;;;;x
paternal_autocrat_BHU;(PA) Druk Phuensum Tshogpa;;;;;;;;;;;;;x
social_conservative_BHU;(SC) Bhutan Conservative Party;;;;;;;;;;;;;x
market_liberal_BHU;(ML) Bhutan National Democratic Party;;;;;;;;;;;;;x
social_liberal_BHU;(SL) Bhutan National Congress Party;;;;;;;;;;;;;x
social_democrat_BHU;(SD) Miser Dmangsgtsoi Tshogspa;;;;;;;;;;;;;x
left_wing_radical_BHU;(LR) Bhutan People's Unity Party;;;;;;;;;;;;;x
leninist_BHU;(L) Bhutan Communist Party (Marxist–Leninist–Maoist);;;;;;;;;;;;;x
stalinist_BHU;(S) Communist Party of Bhutan;;;;;;;;;;;;;x
national_socialist_BOL;(NS) Movimiento Nacional Socialista;;;;;;;;;;;;;x
fascistic_BOL;(F) Falange Socialista Boliviana;;;;;;;;;;;;;x
paternal_autocrat_BOL;(PA) Nueva Fuerza Republicana;;;;;;;;;;;;;x
social_conservative_BOL;(SC) Unidad Cívica Solidaridad;;;;;;;;;;;;;x
market_liberal_BOL;(ML) Partido Liberal;;;;;;;;;;;;;x
social_liberal_BOL;(SL) Movimiento Nacionalista Revolucionario;;;;;;;;;;;;;x
social_democrat_BOL;(SD) Partido Socialista;;;;;;;;;;;;;x
left_wing_radical_BOL;(LR) Partido Obrero Revolucionario;;;;;;;;;;;;;x
leninist_BOL;(L) Partido de la Izquierda Revolucionaria;;;;;;;;;;;;;x
stalinist_BOL;(S) Partido Comunista de Bolivia;;;;;;;;;;;;;x
national_socialist_BRA;(NS) Partido Nacional Socialista Brasileiro;;;;;;;;;;;;;x
fascistic_BRA;(F) Ação Integralista Brasileira;;;;;;;;;;;;;x
paternal_autocrat_BRA;(PA) Estado Nôvo;;;;;;;;;;;;;x
social_conservative_BRA;(SC) Partido de Representação Popular;;;;;;;;;;;;;x
market_liberal_BRA;(ML) União Democrática Nacional;;;;;;;;;;;;;x
social_liberal_BRA;(SL) Partido Social Democrático;;;;;;;;;;;;;x
social_democrat_BRA;(SD) Partido Trabalhista Brasileiro;;;;;;;;;;;;;x
left_wing_radical_BRA;(LR) Partido Socialismo e Liberdade;;;;;;;;;;;;;x
leninist_BRA;(L) Partido Comunista do Brasil;;;;;;;;;;;;;x
stalinist_BRA;(S) Partido Comunista Brasileiro;;;;;;;;;;;;;x
national_socialist_BUL;(NS) Ratnitsi Napreduka na Bulgarshtinata;;;;;;;;;;;;;x
fascistic_BUL;(F) Vatreshna Makedonska Revolyutsionna Organizatsiya;;;;;;;;;;;;;x
paternal_autocrat_BUL;(PA) Zveno;;;;;;;;;;;;;x
social_conservative_BUL;(SC) Balgarski Zemedelski Naroden Sajuz;;;;;;;;;;;;;x
market_liberal_BUL;(ML) Demokraticheska partija;;;;;;;;;;;;;x
social_liberal_BUL;(SL) Obedinena Narodnoprogresivna Partija;;;;;;;;;;;;;x
social_democrat_BUL;(SD) Partiya Balgarski Sotsialdemokrati;;;;;;;;;;;;;x
left_wing_radical_BUL;(LR) Radikalna Partija;;;;;;;;;;;;;x
leninist_BUL;(L) Tesnyatsi;;;;;;;;;;;;;x
stalinist_BUL;(S) Balgarska Komunisticheska Partija;;;;;;;;;;;;;x
national_socialist_CGX;(NS) National Socialist Party;;;;;;;;;;;;;x
fascistic_CGX;(F) Chinese Youth Party;;;;;;;;;;;;;x
paternal_autocrat_CGX;(PA) Guangxi Clique;;;;;;;;;;;;;x
social_conservative_CGX;(SC) Protect the Emperor Society;;;;;;;;;;;;;x
market_liberal_CGX;(ML) Constitutionalist Party;;;;;;;;;;;;;x
social_liberal_CGX;(SL) Hundred Days' Reformists;;;;;;;;;;;;;x
social_democrat_CGX;(SD) Progressive Party;;;;;;;;;;;;;x
left_wing_radical_CGX;(LR) May Fourth Movement;;;;;;;;;;;;;x
leninist_CGX;(L) Chinese Workers and Peasants Party;;;;;;;;;;;;;x
stalinist_CGX;(S) Chinese Communist Party;;;;;;;;;;;;;x
national_socialist_CHC;(NS) National Socialist Party;;;;;;;;;;;;;x
fascistic_CHC;(F) Chinese Youth Party;;;;;;;;;;;;;x
paternal_autocrat_CHC;(PA) Kuomintang;;;;;;;;;;;;;x
social_conservative_CHC;(SC) Protect the Emperor Societ;;;;;;;;;;;;;x
market_liberal_CHC;(ML) Constitutionalist Party;;;;;;;;;;;;;x
social_liberal_CHC;(SL) Hundred Days' Reformists;;;;;;;;;;;;;x
social_democrat_CHC;(SD) Progressive Party;;;;;;;;;;;;;x
left_wing_radical_CHC;(LR) May Fourth Movement;;;;;;;;;;;;;x
leninist_CHC;(L) Chinese Workers and Peasants Party;;;;;;;;;;;;;x
stalinist_CHC;(S) Chinese Communist Party;;;;;;;;;;;;;x
national_socialist_CHI;(NS) National Socialist Party;;;;;;;;;;;;;x
fascistic_CHI;(F) Chinese Youth Party;;;;;;;;;;;;;x
paternal_autocrat_CHI;(PA) Kuomintang;;;;;;;;;;;;;x
social_conservative_CHI;(SC) Protect the Emperor Society;;;;;;;;;;;;;x
market_liberal_CHI;(ML) Constitutionalist Party;;;;;;;;;;;;;x
social_liberal_CHI;(SL) Hundred Days' Reformists;;;;;;;;;;;;;x
social_democrat_CHI;(SD) Progressive Party;;;;;;;;;;;;;x
left_wing_radical_CHI;(LR) May Fourth Movement;;;;;;;;;;;;;x
leninist_CHI;(L) Chinese Workers and Peasants Party;;;;;;;;;;;;;x
stalinist_CHI;(S) Chinese Communist Party;;;;;;;;;;;;;x
national_socialist_NJG;(NS) National Socialist Party;;;;;;;;;;;;;x
fascistic_NJG;(F) Chinese Youth Party;;;;;;;;;;;;;x
paternal_autocrat_NJG;(PA) Kuomintang;;;;;;;;;;;;;x
social_conservative_NJG;(SC) Protect the Emperor Society;;;;;;;;;;;;;x
market_liberal_NJG;(ML) Constitutionalist Party;;;;;;;;;;;;;x
social_liberal_NJG;(SL) Hundred Days' Reformists;;;;;;;;;;;;;x
social_democrat_NJG;(SD) Progressive Party;;;;;;;;;;;;;x
left_wing_radical_NJG;(LR) May Fourth Movement;;;;;;;;;;;;;x
leninist_NJG;(L) Chinese Workers and Peasants Party;;;;;;;;;;;;;x
stalinist_NJG;(S) Chinese Communist Party;;;;;;;;;;;;;x
national_socialist_CSX;(NS) National Socialist Party;;;;;;;;;;;;;x
fascistic_CSX;(F) Chinese Youth Party;;;;;;;;;;;;;x
paternal_autocrat_CSX;(PA) Shanxi Clique;;;;;;;;;;;;;x
social_conservative_CSX;(SC) Protect the Emperor Society;;;;;;;;;;;;;x
market_liberal_CSX;(ML) Constitutionalist Party;;;;;;;;;;;;;x
social_liberal_CSX;(SL) Hundred Days' Reformists;;;;;;;;;;;;;x
social_democrat_CSX;(SD) Progressive Party;;;;;;;;;;;;;x
left_wing_radical_CSX;(LR) May Fourth Movement;;;;;;;;;;;;;x
leninist_CSX;(L) Chinese Workers and Peasants Party;;;;;;;;;;;;;x
stalinist_CSX;(S) Chinese Communist Party;;;;;;;;;;;;;x
national_socialist_CHL;(NS) Movimiento Nacional Socialista de Chile;;;;;;;;;;;;;x
fascistic_CHL;(F) Falange de Chile;;;;;;;;;;;;;x
paternal_autocrat_CHL;(PA) Partido Conservador;;;;;;;;;;;;;x
social_conservative_CHL;(SC) Partido Demócrata Cristiano de Chile;;;;;;;;;;;;;x
market_liberal_CHL;(ML) Partido Nacional;;;;;;;;;;;;;x
social_liberal_CHL;(SL) Partido Liberal;;;;;;;;;;;;;x
social_democrat_CHL;(SD) Partido Socialista de Chile;;;;;;;;;;;;;x
left_wing_radical_CHL;(LR) Partido Radical;;;;;;;;;;;;;x
leninist_CHL;(L) Partido Socialista Obrero;;;;;;;;;;;;;x
stalinist_CHL;(S) Partido Comunista de Chile;;;;;;;;;;;;;x
national_socialist_COL;(NS) Movimiento Nacional Socialista;;;;;;;;;;;;;x
fascistic_COL;(F) Falange del Colombia;;;;;;;;;;;;;x
paternal_autocrat_COL;(PA) Acción Nacional;;;;;;;;;;;;;x
social_conservative_COL;(SC) Partido Conservador Colombiano;;;;;;;;;;;;;x
market_liberal_COL;(ML) Partido Liberal Radical Colombiano;;;;;;;;;;;;;x
social_liberal_COL;(SL) Partido Liberal Colombiano;;;;;;;;;;;;;x
social_democrat_COL;(SD) Partido Socialdemócrata Colombiano;;;;;;;;;;;;;x
left_wing_radical_COL;(LR) Partido de los Trabajadores del Colombia;;;;;;;;;;;;;x
leninist_COL;(L) Partido Comunista Marxista-Leninista del Colombia;;;;;;;;;;;;;x
stalinist_COL;(S) Partido Comunista del Colombia;;;;;;;;;;;;;x
national_socialist_COS;(NS) Moviemento Nacional Socialista;;;;;;;;;;;;;x
fascistic_COS;(F) Falange de Costa Rica;;;;;;;;;;;;;x
paternal_autocrat_COS;(PA) Partido Republicano Nacional;;;;;;;;;;;;;x
social_conservative_COS;(SC) Partido de Unidad Socialcristiana;;;;;;;;;;;;;x
market_liberal_COS;(ML) Partido Movimiento Libertario;;;;;;;;;;;;;x
social_liberal_COS;(SL) Partido Liberación Nacional;;;;;;;;;;;;;x
social_democrat_COS;(SD) Partido Socialista;;;;;;;;;;;;;x
left_wing_radical_COS;(LR) Partido Vanguardia Popular;;;;;;;;;;;;;x
leninist_COS;(L) Partido Acción Socialist Obrera;;;;;;;;;;;;;x
stalinist_COS;(S) Partido Comunista de Costa Rica;;;;;;;;;;;;;x
national_socialist_CRO;(NS) Hrvatski Oslobodilacki Pokret;;;;;;;;;;;;;x
fascistic_CRO;(F) Ustasha;;;;;;;;;;;;;x
paternal_autocrat_CRO;(PA) Hrvatska Stranka Prava;;;;;;;;;;;;;x
social_conservative_CRO;(SC) Hrvatska Seljacka Stranka;;;;;;;;;;;;;x
market_liberal_CRO;(ML) Liberalna Stranka;;;;;;;;;;;;;x
social_liberal_CRO;(SL) Hrvatska Socijalno Liberalna Stranka;;;;;;;;;;;;;x
social_democrat_CRO;(SD) Socijaldemokratska Partija Hrvatske;;;;;;;;;;;;;x
left_wing_radical_CRO;(LR) Hrvatska Napredna Stranka;;;;;;;;;;;;;x
leninist_CRO;(L) Savez Komunista Hrvatske;;;;;;;;;;;;;x
stalinist_CRO;(S) Komunisticka Partija Hrvatske;;;;;;;;;;;;;x
national_socialist_CUB;(NS) Movimiento National Socialista;;;;;;;;;;;;;x
fascistic_CUB;(F) Falange de Cuba;;;;;;;;;;;;;x
paternal_autocrat_CUB;(PA) Partido Auténtico;;;;;;;;;;;;;x
social_conservative_CUB;(SC) Partido Demócrata Cristiano de Cuba;;;;;;;;;;;;;x
market_liberal_CUB;(ML) Unión Liberal Cubana;;;;;;;;;;;;;x
social_liberal_CUB;(SL) Movimiento Liberal Cubano;;;;;;;;;;;;;x
social_democrat_CUB;(SD) Partido Social-Revolucionario Democrático de Cuba;;;;;;;;;;;;;x
left_wing_radical_CUB;(LR) Partido Ortodoxo;;;;;;;;;;;;;x
leninist_CUB;(L) Partido Socialista Popular;;;;;;;;;;;;;x
stalinist_CUB;(S) Partido Comunista de Cuba;;;;;;;;;;;;;x
national_socialist_CYN;(NS) National Socialist Party;;;;;;;;;;;;;x
fascistic_CYN;(F) Chinese Youth Party;;;;;;;;;;;;;x
paternal_autocrat_CYN;(PA) Yunnan Clique;;;;;;;;;;;;;x
social_conservative_CYN;(SC) Protect the Emperor Society;;;;;;;;;;;;;x
market_liberal_CYN;(ML) Constitutionalist Party;;;;;;;;;;;;;x
social_liberal_CYN;(SL) Hundred Days' Reformists;;;;;;;;;;;;;x
social_democrat_CYN;(SD) Progressive Party;;;;;;;;;;;;;x
left_wing_radical_CYN;(LR) May Fourth Movement;;;;;;;;;;;;;x
leninist_CYN;(L) Chinese Workers and Peasants Party;;;;;;;;;;;;;x
stalinist_CYN;(S) Chinese Communist Party;;;;;;;;;;;;;x
national_socialist_CXB;(NS) National Socialist Party;;;;;;;;;;;;;x
fascistic_CXB;(F) Chinese Youth Party;;;;;;;;;;;;;x
paternal_autocrat_CXB;(PA) Ma Clique;;;;;;;;;;;;;x
social_conservative_CXB;(SC) Protect the Emperor Society;;;;;;;;;;;;;x
market_liberal_CXB;(ML) Constitutionalist Party;;;;;;;;;;;;;x
social_liberal_CXB;(SL) Hundred Days' Reformists;;;;;;;;;;;;;x
social_democrat_CXB;(SD) Progressive Party;;;;;;;;;;;;;x
left_wing_radical_CXB;(LR) May Fourth Movement;;;;;;;;;;;;;x
leninist_CXB;(L) Chinese Workers and Peasants Party;;;;;;;;;;;;;x
stalinist_CXB;(S) Chinese Communist Party;;;;;;;;;;;;;x
national_socialist_CZE;(NS) Sudìtonemecká Strana;;;;;;;;;;;;;x
fascistic_CZE;(F) Hlinkova Slovenská Ludová Strana;;;;;;;;;;;;;x
paternal_autocrat_CZE;(PA) CS Strana Lidová;;;;;;;;;;;;;x
social_conservative_CZE;(SC) Agrárni Strana;;;;;;;;;;;;;x
market_liberal_CZE;(ML) CS národní Demokracie;;;;;;;;;;;;;x
social_liberal_CZE;(SL) CS Strana Národnì Socialistická;;;;;;;;;;;;;x
social_democrat_CZE;(SD) CS Sociálnì Demokratická Strana;;;;;;;;;;;;;x
left_wing_radical_CZE;(LR) Neodvislá Radikální Strana;;;;;;;;;;;;;x
leninist_CZE;(L) Strana Slovanských Socialistov;;;;;;;;;;;;;x
stalinist_CZE;(S) Komunistická Strana Èeskoslovenska;;;;;;;;;;;;;x
national_socialist_DDR;(NS) Nationaldemokratische Partei Deutschlands;;;;;;;;;;;;;x
fascistic_DDR;(F) Deutsche Reichspartei;;;;;;;;;;;;;x
paternal_autocrat_DDR;(PA) Deutsche Rechtspartei;;;;;;;;;;;;;x
social_conservative_DDR;(SC) Demokratische Bauernpartei Deutschlands;;;;;;;;;;;;;x
market_liberal_DDR;(ML) Liberal-Demokratische Partei Deutschlands;;;;;;;;;;;;;x
social_liberal_DDR;(SL) Christlich-Demokratische Union Deutschlands;;;;;;;;;;;;;x
social_democrat_DDR;(SD) Sozialdemokratische Partei Deutschlands;;;;;;;;;;;;;x
left_wing_radical_DDR;(LR) Deutsche Kommunistische Partei;;;;;;;;;;;;;x
leninist_DDR;(L) Marxistisch-Leninistische Partei Deutschlands;;;;;;;;;;;;;x
stalinist_DDR;(S) Sozialistische Einheitspartei Deutschlands;;;;;;;;;;;;;x
national_socialist_DEN;(NS) Nationalsocialistiske Arbejderparti;;;;;;;;;;;;;x
fascistic_DEN;(F) Bondepartiet;;;;;;;;;;;;;x
paternal_autocrat_DEN;(PA) Danish Unity;;;;;;;;;;;;;x
social_conservative_DEN;(SC) Det Konservative Folkeparti;;;;;;;;;;;;;x
market_liberal_DEN;(ML) Venstre;;;;;;;;;;;;;x
social_liberal_DEN;(SL) Radikale Venstre;;;;;;;;;;;;;x
social_democrat_DEN;(SD) Socialdemokraterne;;;;;;;;;;;;;x
left_wing_radical_DEN;(LR) Danmarks Retsforbund;;;;;;;;;;;;;x
leninist_DEN;(L) Venstresocialistiske Parti;;;;;;;;;;;;;x
stalinist_DEN;(S) Danmarks Kommunistiske Parti;;;;;;;;;;;;;x
national_socialist_DFR;(NS) Sozialistische Reichspartei Deutschlands;;;;;;;;;;;;;x
fascistic_DFR;(F) Deutsche Reichspartei;;;;;;;;;;;;;x
paternal_autocrat_DFR;(PA) Deutsche Rechtspartei;;;;;;;;;;;;;x
social_conservative_DFR;(SC) Deutsche Partei;;;;;;;;;;;;;x
market_liberal_DFR;(ML) Freie Demokratische Partei;;;;;;;;;;;;;x
social_liberal_DFR;(SL) Christlich-Demokratische Union Deutschlands;;;;;;;;;;;;;x
social_democrat_DFR;(SD) Sozialdemokratische Partei Deutschlands;;;;;;;;;;;;;x
left_wing_radical_DFR;(LR) Deutsche Kommunistische Partei;;;;;;;;;;;;;x
leninist_DFR;(L) Marxistisch-Leninistische Partei Deutschlands;;;;;;;;;;;;;x
stalinist_DFR;(S) Kommunistische Partei Deutschlands;;;;;;;;;;;;;x
national_socialist_DOM;(NS) Movimiento National Socialista;;;;;;;;;;;;;x
fascistic_DOM;(F) Falange de Dominicano;;;;;;;;;;;;;x
paternal_autocrat_DOM;(PA) Partido Dominicano;;;;;;;;;;;;;x
social_conservative_DOM;(SC) Partido Reformista Social Cristiano;;;;;;;;;;;;;x
market_liberal_DOM;(ML) Fuerza Nacional Progresista;;;;;;;;;;;;;x
social_liberal_DOM;(SL) Partido de la Liberación Dominicana;;;;;;;;;;;;;x
social_democrat_DOM;(SD) Partido Revolucionario Dominicano;;;;;;;;;;;;;x
left_wing_radical_DOM;(LR) Partido de los Trabajadores Dominicanos;;;;;;;;;;;;;x
leninist_DOM;(L) Movimiento Popular Dominicano;;;;;;;;;;;;;x
stalinist_DOM;(S) Partido Comunista de Dominicano;;;;;;;;;;;;;x
national_socialist_ECU;(NS) Movimiento Nacional Socialista;;;;;;;;;;;;;x
fascistic_ECU;(F) Falange del Ecuador;;;;;;;;;;;;;x
paternal_autocrat_ECU;(PA) Acción Nacional;;;;;;;;;;;;;x
social_conservative_ECU;(SC) Frente Radical Alfarista;;;;;;;;;;;;;x
market_liberal_ECU;(ML) Partido Liberal Radical Ecuatoriano;;;;;;;;;;;;;x
social_liberal_ECU;(SL) Concentración de Fuerzas Populares;;;;;;;;;;;;;x
social_democrat_ECU;(SD) Partido Socialist;;;;;;;;;;;;;x
left_wing_radical_ECU;(LR) Partido de los Trabajadores del Ecuador;;;;;;;;;;;;;x
leninist_ECU;(L) Partido Comunista Marxista-Leninista del Ecuador;;;;;;;;;;;;;x
stalinist_ECU;(S) Partido Comunista del Ecuador;;;;;;;;;;;;;x
national_socialist_EGY;(NS) Arab National Socialist Party;;;;;;;;;;;;;x
fascistic_EGY;(F) Arab Fascistic Front;;;;;;;;;;;;;x
paternal_autocrat_EGY;(PA) The Abaza Clan;;;;;;;;;;;;;x
social_conservative_EGY;(SC) Muslim Brotherhood;;;;;;;;;;;;;x
market_liberal_EGY;(ML) Wafd Party;;;;;;;;;;;;;x
social_liberal_EGY;(SL) Ummah Party;;;;;;;;;;;;;x
social_democrat_EGY;(SD) Arab Socialist Union;;;;;;;;;;;;;x
left_wing_radical_EGY;(LR) National Progressive Unionist Party;;;;;;;;;;;;;x
leninist_EGY;(L) Egyptian Arab Socialist Party;;;;;;;;;;;;;x
stalinist_EGY;(S) Communist Party of Egypt;;;;;;;;;;;;;x
national_socialist_ENG;(NS) National Socialist League;;;;;;;;;;;;;x
fascistic_ENG;(F) British Union of Fascists;;;;;;;;;;;;;x
paternal_autocrat_ENG;(PA) Nordic League;;;;;;;;;;;;;x
social_conservative_ENG;(SC) Conservative Party;;;;;;;;;;;;;x
market_liberal_ENG;(ML) National Liberal Party;;;;;;;;;;;;;x
social_liberal_ENG;(SL) Liberal Party;;;;;;;;;;;;;x
social_democrat_ENG;(SD) Labour Party;;;;;;;;;;;;;x
left_wing_radical_ENG;(LR) Independent Labour Party;;;;;;;;;;;;;x
leninist_ENG;(L) Revolutionary Socialist League;;;;;;;;;;;;;x
stalinist_ENG;(S) Communist Party;;;;;;;;;;;;;x
national_socialist_CAN;(NS) National Unity Party;;;;;;;;;;;;;x
fascistic_CAN;(F) Canadian Union of Fascists;;;;;;;;;;;;;x
paternal_autocrat_CAN;(PA) Reconstruction Party;;;;;;;;;;;;;x
social_conservative_CAN;(SC) Conservative Party;;;;;;;;;;;;;x
market_liberal_CAN;(ML) Liberal Party;;;;;;;;;;;;;x
social_liberal_CAN;(SL) Liberal-Progressive Party;;;;;;;;;;;;;x
social_democrat_CAN;(SD) Co-op Commonwealth Federation;;;;;;;;;;;;;x
left_wing_radical_CAN;(LR) Independent Labour Party;;;;;;;;;;;;;x
leninist_CAN;(L) Workers' Party of Canada;;;;;;;;;;;;;x
stalinist_CAN;(S) Communist Party;;;;;;;;;;;;;x
national_socialist_EST;(NS) Heimwehr;;;;;;;;;;;;;x
fascistic_EST;(F) Eesti Vabadussojalaste Keskliit;;;;;;;;;;;;;x
paternal_autocrat_EST;(PA) Talurahvaerakond;;;;;;;;;;;;;x
social_conservative_EST;(SC) EKR Eesti Konservatiivine Rahvaerakond;;;;;;;;;;;;;x
market_liberal_EST;(ML) Vabariiklaste ja Konservatiivide Rahvaerakond;;;;;;;;;;;;;x
social_liberal_EST;(SL) Eesti Reformierakond;;;;;;;;;;;;;x
social_democrat_EST;(SD) Eesti Sotsiaaldemokraatlik Ühendus;;;;;;;;;;;;;x
left_wing_radical_EST;(LR) Eesti Sotsialistliku Partei;;;;;;;;;;;;;x
leninist_EST;(L) Eesti Sotsiaaldemokraatlik Tööliste Ühendus;;;;;;;;;;;;;x
stalinist_EST;(S) Eestimaa Kommunistlik Partei;;;;;;;;;;;;;x
national_socialist_ETH;(NS) Ethiopian National Socialist Party;;;;;;;;;;;;;x
fascistic_ETH;(F) Ethiopian Fascistic Front;;;;;;;;;;;;;x
paternal_autocrat_ETH;(PA) Mekwanint;;;;;;;;;;;;;x
social_conservative_ETH;(SC) Mesafint;;;;;;;;;;;;;x
market_liberal_ETH;(ML) All-Ethiopian Unity Party;;;;;;;;;;;;;x
social_liberal_ETH;(SL) Ethiopian Democratic Unity Party;;;;;;;;;;;;;x
social_democrat_ETH;(SD) Ethiopian Social Democratic Federal Party;;;;;;;;;;;;;x
left_wing_radical_ETH;(LR) Ethiopian People's Revolutionary Party;;;;;;;;;;;;;x
leninist_ETH;(L) All-Ethiopia Socialist Movement;;;;;;;;;;;;;x
stalinist_ETH;(S) Workers' Party of Ethiopia;;;;;;;;;;;;;x
national_socialist_FIN;(NS) Sinimustat;;;;;;;;;;;;;x
fascistic_FIN;(F) Lapuan Liike;;;;;;;;;;;;;x
paternal_autocrat_FIN;(PA) Isänmaallinen Kansanliike;;;;;;;;;;;;;x
social_conservative_FIN;(SC) Kansallinen Kokoomus;;;;;;;;;;;;;x
market_liberal_FIN;(ML) Kansallinen Edistyspuolue;;;;;;;;;;;;;x
social_liberal_FIN;(SL) Suomen Keskusta, Kesk;;;;;;;;;;;;;x
social_democrat_FIN;(SD) Suomen Sosialidemokraattinen Puolue;;;;;;;;;;;;;x
left_wing_radical_FIN;(LR) Suomen Kansan Demokraattinen Liitto;;;;;;;;;;;;;x
leninist_FIN;(L) Suomen Yksityisyrittäjäin Puolue;;;;;;;;;;;;;x
stalinist_FIN;(S) Suomen Kommunistinen Puolue;;;;;;;;;;;;;x
national_socialist_FRA;(NS) Parti Populaire Français;;;;;;;;;;;;;x
fascistic_FRA;(F) Mouvement Franciste;;;;;;;;;;;;;x
paternal_autocrat_FRA;(PA) Action Française;;;;;;;;;;;;;x
social_conservative_FRA;(SC) Fédération Républicaine;;;;;;;;;;;;;x
market_liberal_FRA;(ML) Mouvement Républicain Populaire;;;;;;;;;;;;;x
social_liberal_FRA;(SL) Alliance Démocratique;;;;;;;;;;;;;x
social_democrat_FRA;(SD) Section Française de l'Internationale Ouvriere;;;;;;;;;;;;;x
left_wing_radical_FRA;(LR) Parti Radical;;;;;;;;;;;;;x
leninist_FRA;(L) Parti d'Unité Prolétarienne;;;;;;;;;;;;;x
stalinist_FRA;(S) Parti Communiste Français;;;;;;;;;;;;;x
national_socialist_GER;(NS) Nationalsozialistische Deutsche Arbeiterpartei;;;;;;;;;;;;;x
fascistic_GER;(F) Deutschvölkische Freiheitspartei;;;;;;;;;;;;;x
paternal_autocrat_GER;(PA) Deutschnationale Volkspartei;;;;;;;;;;;;;x
social_conservative_GER;(SC) Deutsche Volkspartei;;;;;;;;;;;;;x
market_liberal_GER;(ML) Deutsche Demokratische Partei;;;;;;;;;;;;;x
social_liberal_GER;(SL) Deutsche Zentrumspartei;;;;;;;;;;;;;x
social_democrat_GER;(SD) Sozialdemokratische Partei Deutschlands;;;;;;;;;;;;;x
left_wing_radical_GER;(LR) Kommunistische Partei Deutschlands;;;;;;;;;;;;;x
leninist_GER;(L) Kommunistische Partei Deutschlands (Opposition);;;;;;;;;;;;;x
stalinist_GER;(S) Kommunistische Arbeiter-Partei Deutschlands;;;;;;;;;;;;;x
national_socialist_GRE;(NS) Elliniko Ethniko Sosialistiko Komma;;;;;;;;;;;;;x
fascistic_GRE;(F) Ethniki Enosis Ellados;;;;;;;;;;;;;x
paternal_autocrat_GRE;(PA) Laiko Komma;;;;;;;;;;;;;x
social_conservative_GRE;(SC) Syntiritiko Demokratikon Komma;;;;;;;;;;;;;x
market_liberal_GRE;(ML) Komma Fileleftheron;;;;;;;;;;;;;x
social_liberal_GRE;(SL) Demokratiki Enosis;;;;;;;;;;;;;x
social_democrat_GRE;(SD) Demokratiko Sosialistiko Komma Ellados;;;;;;;;;;;;;x
left_wing_radical_GRE;(LR) Sosialistiko Extremistis Komma Elladas;;;;;;;;;;;;;x
leninist_GRE;(L) Agrotikon kai Ergatikon Komma;;;;;;;;;;;;;x
stalinist_GRE;(S) Kommounistiko Komma Elladas;;;;;;;;;;;;;x
national_socialist_GUA;(NS) Movimiento Nacional Socialista;;;;;;;;;;;;;x
fascistic_GUA;(F) Falange de Guatemala;;;;;;;;;;;;;x
paternal_autocrat_GUA;(PA) Frente Republicano Guatemalteco;;;;;;;;;;;;;x
social_conservative_GUA;(SC) Unidad Nacional de la Esperanza;;;;;;;;;;;;;x
market_liberal_GUA;(ML) Partido Unionista;;;;;;;;;;;;;x
social_liberal_GUA;(SL) Unión Democrática;;;;;;;;;;;;;x
social_democrat_GUA;(SD) Partido Guatemalteco del Trabajo;;;;;;;;;;;;;x
left_wing_radical_GUA;(LR) Partido Accion Revolucion;;;;;;;;;;;;;x
leninist_GUA;(L) Vanguardia Democrática Guatemalteca;;;;;;;;;;;;;x
stalinist_GUA;(S) Partido Comunista de Guatemala;;;;;;;;;;;;;x
national_socialist_GUY;(NS) Guyana National Socialist Movement;;;;;;;;;;;;;x
fascistic_GUY;(F) Guyana Fascist League;;;;;;;;;;;;;x
paternal_autocrat_GUY;(PA) Guyana National Party;;;;;;;;;;;;;x
social_conservative_GUY;(SC) National Republican Party;;;;;;;;;;;;;x
market_liberal_GUY;(ML) National Democratic Movement;;;;;;;;;;;;;x
social_liberal_GUY;(SL) Peoples Democratic Party;;;;;;;;;;;;;x
social_democrat_GUY;(SD) People's National Congress;;;;;;;;;;;;;x
left_wing_radical_GUY;(LR) People's Progressive Party;;;;;;;;;;;;;x
leninist_GUY;(L) Working People's Vanguard Party;;;;;;;;;;;;;x
stalinist_GUY;(S) Communist Party of Guyana;;;;;;;;;;;;;x
national_socialist_HAI;(NS) Parti Populaire Haitien;;;;;;;;;;;;;x
fascistic_HAI;(F) Mouvement National Patriotique;;;;;;;;;;;;;x
paternal_autocrat_HAI;(PA) Conseil Militaire;;;;;;;;;;;;;x
social_conservative_HAI;(SC) Mouvement Conservateur National Haitien;;;;;;;;;;;;;x
market_liberal_HAI;(ML) Mouvement Indépendant pour la Réconcilation Nationale;;;;;;;;;;;;;x
social_liberal_HAI;(SL) Rassemblement des Démocrates Nationaux Progressistes;;;;;;;;;;;;;x
social_democrat_HAI;(SD) Sociaux Démocrates Haitiens;;;;;;;;;;;;;x
left_wing_radical_HAI;(LR) Parti Ouvrier International Haitien;;;;;;;;;;;;;x
leninist_HAI;(L) Parti Communiste des Ouvriers Haitiens ;;;;;;;;;;;;;x
stalinist_HAI;(S) Parti Communiste Haitien;;;;;;;;;;;;;x
national_socialist_HOL;(NS) Nationaal-Socialistische Beweging;;;;;;;;;;;;;x
fascistic_HOL;(F) Zwart Front;;;;;;;;;;;;;x
paternal_autocrat_HOL;(PA) Nederlandsche Volkspartij;;;;;;;;;;;;;x
social_conservative_HOL;(SC) Anti-Revolutionaire Partij;;;;;;;;;;;;;x
market_liberal_HOL;(ML) Liberale Staatspartij;;;;;;;;;;;;;x
social_liberal_HOL;(SL) Vrijzinnig-Democratische Bond;;;;;;;;;;;;;x
social_democrat_HOL;(SD) Sociaal Democratische Arbeiders Partij;;;;;;;;;;;;;x
left_wing_radical_HOL;(LR) Onafhankelijke Socialistische Partij;;;;;;;;;;;;;x
leninist_HOL;(L) Revolutionair Socialistische Partij;;;;;;;;;;;;;x
stalinist_HOL;(S) Communistische Partij Nederland;;;;;;;;;;;;;x
national_socialist_HON;(NS) Movimiento Nacional Socialista;;;;;;;;;;;;;x
fascistic_HON;(F) Falange de Honduras;;;;;;;;;;;;;x
paternal_autocrat_HON;(PA) Partido Nacional;;;;;;;;;;;;;x
social_conservative_HON;(SC) Partido Demócrata Cristiano de Honduras;;;;;;;;;;;;;x
market_liberal_HON;(ML) Partido Liberal de Honduras;;;;;;;;;;;;;x
social_liberal_HON;(SL) Partido Unificación Democrática;;;;;;;;;;;;;x
social_democrat_HON;(SD) Partido Innovación y Unidad;;;;;;;;;;;;;x
left_wing_radical_HON;(LR) Partido Revolucionario Hondureño;;;;;;;;;;;;;x
leninist_HON;(L) Fuerzas Populares Revolucionarias;;;;;;;;;;;;;x
stalinist_HON;(S) Partido Comunista de Honduras;;;;;;;;;;;;;x
national_socialist_HUN;(NS) Nyilaskeresztes Párt;;;;;;;;;;;;;x
fascistic_HUN;(F) Magyar Fajvédo Párt;;;;;;;;;;;;;x
paternal_autocrat_HUN;(PA) Magyar Élet Pártja;;;;;;;;;;;;;x
social_conservative_HUN;(SC) Független Kisgazda Párt;;;;;;;;;;;;;x
market_liberal_HUN;(ML) Nemzeti Demokrata Párt;;;;;;;;;;;;;x
social_liberal_HUN;(SL) Polgári Szabadságpárt;;;;;;;;;;;;;x
social_democrat_HUN;(SD) Magyar Szociáldemokrata Párt;;;;;;;;;;;;;x
left_wing_radical_HUN;(LR) Magyar Radikális Párt;;;;;;;;;;;;;x
leninist_HUN;(L) Kommunisták Magyarországi Pártja;;;;;;;;;;;;;x
stalinist_HUN;(S) Magyar Szocialista Munkás Párt;;;;;;;;;;;;;x
national_socialist_ICL;(NS) Flokkur Thjóedernissinna Sósíalista;;;;;;;;;;;;;x
fascistic_ICL;(F) Flokkur Thjóedernissinna;;;;;;;;;;;;;x
paternal_autocrat_ICL;(PA) Thjódevarnarflokkurinn;;;;;;;;;;;;;x
social_conservative_ICL;(SC) Sjálfstaedeisflokkurinn;;;;;;;;;;;;;x
market_liberal_ICL;(ML) Frjálslyndi flokkurinn;;;;;;;;;;;;;x
social_liberal_ICL;(SL) Framsóknarflokkurinn;;;;;;;;;;;;;x
social_democrat_ICL;(SD) Althýeduflokkur;;;;;;;;;;;;;x
left_wing_radical_ICL;(LR) Sósíalistaflokkurinn;;;;;;;;;;;;;x
leninist_ICL;(L) Jafnaedarmannafélagied Sparta;;;;;;;;;;;;;x
stalinist_ICL;(S) Kommúnistaflokkur Íslands;;;;;;;;;;;;;x
national_socialist_IDC;(NS) National Socialist Party;;;;;;;;;;;;;x
fascistic_IDC;(F) Fascistic Front;;;;;;;;;;;;;x
paternal_autocrat_IDC;(PA) Nationalist Party;;;;;;;;;;;;;x
social_conservative_IDC;(SC) Conservative Party;;;;;;;;;;;;;x
market_liberal_IDC;(ML) Democratic Party of Indochina;;;;;;;;;;;;;x
social_liberal_IDC;(SL) Indochinese Populist Party;;;;;;;;;;;;;x
social_democrat_IDC;(SD) Social Democrat Party;;;;;;;;;;;;;x
left_wing_radical_IDC;(LR) Indochinese Communist Party;;;;;;;;;;;;;x
leninist_IDC;(L) Communist Party of Indochina;;;;;;;;;;;;;x
stalinist_IDC;(S) Khmer Rouge;;;;;;;;;;;;;x
national_socialist_IND;(NS) Indian National Army;;;;;;;;;;;;;x
fascistic_IND;(F) Indian Independence League;;;;;;;;;;;;;x
paternal_autocrat_IND;(PA) Khilafat Movement;;;;;;;;;;;;;x
social_conservative_IND;(SC) Muslim League;;;;;;;;;;;;;x
market_liberal_IND;(ML) Bharatiya Janata Party;;;;;;;;;;;;;x
social_liberal_IND;(SL) Bahujan Samaj Party;;;;;;;;;;;;;x
social_democrat_IND;(SD) Congress Party;;;;;;;;;;;;;x
left_wing_radical_IND;(LR) Ghadar Party;;;;;;;;;;;;;x
leninist_IND;(L) Workers and Peasants Party;;;;;;;;;;;;;x
stalinist_IND;(S) Communist Party of India;;;;;;;;;;;;;x
national_socialist_INO;(NS) Partai Indonesia Raya;;;;;;;;;;;;;x
fascistic_INO;(F) Badan Penyelidik Usaha Persiapan Kemerdekaan Indonesia;;;;;;;;;;;;;x
paternal_autocrat_INO;(PA) Partai Nasional Indonesia;;;;;;;;;;;;;x
social_conservative_INO;(SC) Partai Kristen Indonesia;;;;;;;;;;;;;x
market_liberal_INO;(ML) Partai Rakyat Indonesia Merdeka;;;;;;;;;;;;;x
social_liberal_INO;(SL) Partai Rakyat Nasional;;;;;;;;;;;;;x
social_democrat_INO;(SD) Partai Sosialis Indonesia;;;;;;;;;;;;;x
left_wing_radical_INO;(LR) Indische Sociaal-Democratische Vereeniging;;;;;;;;;;;;;x
leninist_INO;(L) Gerindo;;;;;;;;;;;;;x
stalinist_INO;(S) Partai Komunis Indonesia;;;;;;;;;;;;;x
national_socialist_IRE;(NS) Irish National Socialist Party;;;;;;;;;;;;;x
fascistic_IRE;(F) National Centre Party;;;;;;;;;;;;;x
paternal_autocrat_IRE;(PA) United Gaelic Front;;;;;;;;;;;;;x
social_conservative_IRE;(SC) Fine Gael;;;;;;;;;;;;;x
market_liberal_IRE;(ML) Fianna Fáil;;;;;;;;;;;;;x
social_liberal_IRE;(SL) Liberal Party;;;;;;;;;;;;;x
social_democrat_IRE;(SD) Páirtí an Lucht Oibre;;;;;;;;;;;;;x
left_wing_radical_IRE;(LR) Sinn Féin;;;;;;;;;;;;;x
leninist_IRE;(L) Socialist Party;;;;;;;;;;;;;x
stalinist_IRE;(S) Communist Party of Ireland;;;;;;;;;;;;;x
national_socialist_IRQ;(NS) Arab National Socialist Party;;;;;;;;;;;;;x
fascistic_IRQ;(F) Arab Fascistic Front;;;;;;;;;;;;;x
paternal_autocrat_IRQ;(PA) The Hashemites;;;;;;;;;;;;;x
social_conservative_IRQ;(SC) Islamic Dawa Party;;;;;;;;;;;;;x
market_liberal_IRQ;(ML) Reform Party;;;;;;;;;;;;;x
social_liberal_IRQ;(SL) Arabic Democratic Unionist Party;;;;;;;;;;;;;x
social_democrat_IRQ;(SD) Arab Socialist Union;;;;;;;;;;;;;x
left_wing_radical_IRQ;(LR) Worker-Communist Party of Iraq;;;;;;;;;;;;;x
leninist_IRQ;(L) Ba'ath Party;;;;;;;;;;;;;x
stalinist_IRQ;(S) Iraqi Communist Party;;;;;;;;;;;;;x
national_socialist_ISR;(NS) National Socialist Party;;;;;;;;;;;;;x
fascistic_ISR;(F) Fascistic Front;;;;;;;;;;;;;x
paternal_autocrat_ISR;(PA) Herut;;;;;;;;;;;;;x
social_conservative_ISR;(SC) Agudat Yisrael;;;;;;;;;;;;;x
market_liberal_ISR;(ML) Miflega Libralit Yisraelit;;;;;;;;;;;;;x
social_liberal_ISR;(SL) Tzionim Klalim;;;;;;;;;;;;;x
social_democrat_ISR;(SD) Mifleget HaAvoda HaYisraelit;;;;;;;;;;;;;x
left_wing_radical_ISR;(LR) Reshimat HaLokhmim;;;;;;;;;;;;;x
leninist_ISR;(L) Komunistim Ivrim;;;;;;;;;;;;;x
stalinist_ISR;(S) HaMiflega HaKomunistit HaYisraelit;;;;;;;;;;;;;x
national_socialist_ITA;(NS) Partito Nazionalsocialista Italiano dei Lavoratori;;;;;;;;;;;;;x
fascistic_ITA;(F) Partito Nazionale Fascista;;;;;;;;;;;;;x
paternal_autocrat_ITA;(PA) Associazione Nazionalista Italiana;;;;;;;;;;;;;x
social_conservative_ITA;(SC) Partito Popolare Italiano;;;;;;;;;;;;;x
market_liberal_ITA;(ML) Partito Repubblicano Italiano;;;;;;;;;;;;;x
social_liberal_ITA;(SL) Partito Liberale Democratico;;;;;;;;;;;;;x
social_democrat_ITA;(SD) Partito Socialista Unitario;;;;;;;;;;;;;x
left_wing_radical_ITA;(LR) Partito Radicale;;;;;;;;;;;;;x
leninist_ITA;(L) Partito Socialista dei Lavoratori Italiani;;;;;;;;;;;;;x
stalinist_ITA;(S) Partito Comunista Italiano;;;;;;;;;;;;;x
national_socialist_JAP;(NS) Taisei Yokusankai;;;;;;;;;;;;;x
fascistic_JAP;(F) Kokumin Domei;;;;;;;;;;;;;x
paternal_autocrat_JAP;(PA) Toseiha;;;;;;;;;;;;;x
social_conservative_JAP;(SC) Rikken Seiyukai;;;;;;;;;;;;;x
market_liberal_JAP;(ML) Rikken Minseito;;;;;;;;;;;;;x
social_liberal_JAP;(SL) Jiyuto;;;;;;;;;;;;;x
social_democrat_JAP;(SD) Shakai Taishuto;;;;;;;;;;;;;x
left_wing_radical_JAP;(LR) Nippon Musanto;;;;;;;;;;;;;x
leninist_JAP;(L) Nippon Shakaito;;;;;;;;;;;;;x
stalinist_JAP;(S) Nippon Kyosan-to;;;;;;;;;;;;;x
national_socialist_JOR;(NS) Arab National Socialist Party;;;;;;;;;;;;;x
fascistic_JOR;(F) Arab Fascistic Front;;;;;;;;;;;;;x
paternal_autocrat_JOR;(PA) The Hashemites;;;;;;;;;;;;;x
social_conservative_JOR;(SC) Muslim Brotherhood;;;;;;;;;;;;;x
market_liberal_JOR;(ML) Reform Party;;;;;;;;;;;;;x
social_liberal_JOR;(SL) Arabic Democratic Unionist Party;;;;;;;;;;;;;x
social_democrat_JOR;(SD) Arab Socialist Union;;;;;;;;;;;;;x
left_wing_radical_JOR;(LR) Worker-Communist Party;;;;;;;;;;;;;x
leninist_JOR;(L) Ba'ath Party;;;;;;;;;;;;;x
stalinist_JOR;(S) Jordan Communist Party;;;;;;;;;;;;;x
national_socialist_KOR;(NS) Gugga Sahoejuui Jibdang;;;;;;;;;;;;;x
fascistic_KOR;(F) Pasiseuteu Jeonmyeon;;;;;;;;;;;;;x
paternal_autocrat_KOR;(PA) Minju Gonghwadang;;;;;;;;;;;;;x
social_conservative_KOR;(SC) Minju Jeonguidang;;;;;;;;;;;;;x
market_liberal_KOR;(ML) Jayudang;;;;;;;;;;;;;x
social_liberal_KOR;(SL) Han'guk Minjudang;;;;;;;;;;;;;x
social_democrat_KOR;(SD) Minju Nodongdang;;;;;;;;;;;;;x
left_wing_radical_KOR;(LR) Choson Inmindang;;;;;;;;;;;;;x
leninist_KOR;(L) Choson Kongsantang;;;;;;;;;;;;;x
stalinist_KOR;(S) Choson Rodongdang;;;;;;;;;;;;;x
national_socialist_LAT;(NS) Nacionala Savieniba;;;;;;;;;;;;;x
fascistic_LAT;(F) The Legion;;;;;;;;;;;;;x
paternal_autocrat_LAT;(PA) Latvijas Zemnieku Savieniba;;;;;;;;;;;;;x
social_conservative_LAT;(SC) Tautas Partija;;;;;;;;;;;;;x
market_liberal_LAT;(ML) Radikala Demokratiska partija;;;;;;;;;;;;;x
social_liberal_LAT;(SL) Demokratiskais Bloks;;;;;;;;;;;;;x
social_democrat_LAT;(SD) Latvijas Socialdemokratiska Partija;;;;;;;;;;;;;x
left_wing_radical_LAT;(LR) Socialdemokratu Savieniba;;;;;;;;;;;;;x
leninist_LAT;(L) Latvijas Socialdemokratiska Stradnieku Partija;;;;;;;;;;;;;x
stalinist_LAT;(S) Latvijas Komunistiska partija;;;;;;;;;;;;;x
national_socialist_LEB;(NS) National Socialist Party;;;;;;;;;;;;;x
fascistic_LEB;(F) Guardians of the Cedars;;;;;;;;;;;;;x
paternal_autocrat_LEB;(PA) Kataeb Party;;;;;;;;;;;;;x
social_conservative_LEB;(SC) Aramean Democratic Organisation;;;;;;;;;;;;;x
market_liberal_LEB;(ML) Lebanese Republican Party;;;;;;;;;;;;;x
social_liberal_LEB;(SL) Lebanese Democratic Party;;;;;;;;;;;;;x
social_democrat_LEB;(SD) Arab Socialist Union;;;;;;;;;;;;;x
left_wing_radical_LEB;(LR) Workers League;;;;;;;;;;;;;x
leninist_LEB;(L) Ba'ath Party;;;;;;;;;;;;;x
stalinist_LEB;(S) Lebanese Communist Party;;;;;;;;;;;;;x
national_socialist_LIB;(NS) Liberian National Socialist Party;;;;;;;;;;;;;x
fascistic_LIB;(F) Liberian Fascistic Front;;;;;;;;;;;;;x
paternal_autocrat_LIB;(PA) Liberian Whig Party;;;;;;;;;;;;;x
social_conservative_LIB;(SC) Liberian Conservative Party;;;;;;;;;;;;;x
market_liberal_LIB;(ML) Liberty Party;;;;;;;;;;;;;x
social_liberal_LIB;(SL) National Democratic Party of Liberia;;;;;;;;;;;;;x
social_democrat_LIB;(SD) Labor Party of Liberia;;;;;;;;;;;;;x
left_wing_radical_LIB;(LR) Progressive People's Party;;;;;;;;;;;;;x
leninist_LIB;(L) Liberian Revolutionary Party;;;;;;;;;;;;;x
stalinist_LIB;(S) Communist Party of Liberia;;;;;;;;;;;;;x
national_socialist_LIT;(NS) Lietuvos Nacionalinis Socialistu S¹junga;;;;;;;;;;;;;x
fascistic_LIT;(F) Lietuviu Tautininku S¹junga;;;;;;;;;;;;;x
paternal_autocrat_LIT;(PA) Tautos Pažangos Partija;;;;;;;;;;;;;x
social_conservative_LIT;(SC) Lietuvos Krikšèionys Demokratai;;;;;;;;;;;;;x
market_liberal_LIT;(ML) Tautos Prisikelimo Partija;;;;;;;;;;;;;x
social_liberal_LIT;(SL) Lietuviu Demokratu Partija;;;;;;;;;;;;;x
social_democrat_LIT;(SD) Lietuvos Socialdemokratu Partija;;;;;;;;;;;;;x
left_wing_radical_LIT;(LR) Lietuvos Socialistu Liaudininku Demokratu Partija;;;;;;;;;;;;;x
leninist_LIT;(L) Lietuvos ir Baltarusijos Komunistu Partija;;;;;;;;;;;;;x
stalinist_LIT;(S) Lietuvos Komunistu Partija;;;;;;;;;;;;;x
national_socialist_LUX;(NS) Volksdeutsche Bewegung;;;;;;;;;;;;;x
fascistic_LUX;(F) Onofhängeg Nationalpartei;;;;;;;;;;;;;x
paternal_autocrat_LUX;(PA) Rietspartei;;;;;;;;;;;;;x
social_conservative_LUX;(SC) Chrëschtlech Sozial Vollekspartei;;;;;;;;;;;;;x
market_liberal_LUX;(ML) Liberal Liga;;;;;;;;;;;;;x
social_liberal_LUX;(SL) Radikal-Liberal Partei;;;;;;;;;;;;;x
social_democrat_LUX;(SD) Sozialdemokratesch Partei;;;;;;;;;;;;;x
left_wing_radical_LUX;(LR) Revolutionär Sozialist Partei;;;;;;;;;;;;;x
leninist_LUX;(L) Kommunistischer Bund Luxemburg;;;;;;;;;;;;;x
stalinist_LUX;(S) Kommunistesch Partei Lëtzebuerg;;;;;;;;;;;;;x
national_socialist_MAN;(NS) National Socialist Party;;;;;;;;;;;;;x
fascistic_MAN;(F) All-Russian Fascist Party;;;;;;;;;;;;;x
paternal_autocrat_MAN;(PA) The Concordia Association;;;;;;;;;;;;;x
social_conservative_MAN;(SC) Monarquic Party;;;;;;;;;;;;;x
market_liberal_MAN;(ML) Liberal Union;;;;;;;;;;;;;x
social_liberal_MAN;(SL) Social Liberal Party;;;;;;;;;;;;;x
social_democrat_MAN;(SD) Social Democratic Party;;;;;;;;;;;;;x
left_wing_radical_MAN;(LR) Social Revolutionary Party;;;;;;;;;;;;;x
leninist_MAN;(L) Socialist Workers Party;;;;;;;;;;;;;x
stalinist_MAN;(S) Communist Party of Manchukuo;;;;;;;;;;;;;x
national_socialist_MEN;(NS) National Socialist Party;;;;;;;;;;;;;x
fascistic_MEN;(F) Fascist Party;;;;;;;;;;;;;x
paternal_autocrat_MEN;(PA) Pan-Mongolian Movement;;;;;;;;;;;;;x
social_conservative_MEN;(SC) Conservative Party;;;;;;;;;;;;;x
market_liberal_MEN;(ML) Liberal Union;;;;;;;;;;;;;x
social_liberal_MEN;(SL) Social Liberal Party;;;;;;;;;;;;;x
social_democrat_MEN;(SD) Social Democratic Party;;;;;;;;;;;;;x
left_wing_radical_MEN;(LR) Social Revolutionary Party;;;;;;;;;;;;;x
leninist_MEN;(L) Socialist Workers Party;;;;;;;;;;;;;x
stalinist_MEN;(S) Communist Party of Mengkukuo;;;;;;;;;;;;;x
national_socialist_MEX;(NS) Movimiento Nacional Socialista;;;;;;;;;;;;;x
fascistic_MEX;(F) Unión Nacional Sinarquista;;;;;;;;;;;;;x
paternal_autocrat_MEX;(PA) Partido Nacional Revolucionario;;;;;;;;;;;;;x
social_conservative_MEX;(SC) Partido Fuerza Popular;;;;;;;;;;;;;x
market_liberal_MEX;(ML) Partido Liberal de Mexico;;;;;;;;;;;;;x
social_liberal_MEX;(SL) Partido Revolucionario Institucional;;;;;;;;;;;;;x
social_democrat_MEX;(SD) Partido Mexicano de los Trabajadores;;;;;;;;;;;;;x
left_wing_radical_MEX;(LR) Partido Socialista Obrero;;;;;;;;;;;;;x
leninist_MEX;(L) Partido de los Comunistas Mexicanos;;;;;;;;;;;;;x
stalinist_MEX;(S) Partido Comunista Mexicano;;;;;;;;;;;;;x
national_socialist_MON;(NS) Mongolian National Socialist Party;;;;;;;;;;;;;x
fascistic_MON;(F) Mongolian Fascistic Front;;;;;;;;;;;;;x
paternal_autocrat_MON;(PA) Pan-Mongolian Movement;;;;;;;;;;;;;x
social_conservative_MON;(SC) Mongolian Conservative Party;;;;;;;;;;;;;x
market_liberal_MON;(ML) Mongolyn Bügd Nairamdakh Nam;;;;;;;;;;;;;x
social_liberal_MON;(SL) Ard Tümnii Nam;;;;;;;;;;;;;x
social_democrat_MON;(SD) Mongolyn Sotsial Demokrat Nam;;;;;;;;;;;;;x
left_wing_radical_MON;(LR) Ekh Oron Nam;;;;;;;;;;;;;x
leninist_MON;(L) Mongolian Socialist Workers Party;;;;;;;;;;;;;x
stalinist_MON;(S) Mongol Ardyn Khuvsgalt Nam;;;;;;;;;;;;;x
national_socialist_NEP;(NS) Nepali National Socialist Party;;;;;;;;;;;;;x
fascistic_NEP;(F) Nepali Fascistic Front;;;;;;;;;;;;;x
paternal_autocrat_NEP;(PA) National Democratic Party;;;;;;;;;;;;;x
social_conservative_NEP;(SC) Nepal Conservative Party;;;;;;;;;;;;;x
market_liberal_NEP;(ML) Rastriya Janashakti Party;;;;;;;;;;;;;x
social_liberal_NEP;(SL) Nepal Sadbhawana Party;;;;;;;;;;;;;x
social_democrat_NEP;(SD) Nepali Congress Party;;;;;;;;;;;;;x
left_wing_radical_NEP;(LR) Nepal Workers Peasants Party;;;;;;;;;;;;;x
leninist_NEP;(L) Communist Party of Nepal (Unified Marxist–Leninist);;;;;;;;;;;;;x
stalinist_NEP;(S) Communist Party of Nepal;;;;;;;;;;;;;x
national_socialist_NIC;(NS) Movimiento Nacional Socialista;;;;;;;;;;;;;x
fascistic_NIC;(F) Falange de Nicaragua;;;;;;;;;;;;;x
paternal_autocrat_NIC;(PA) Guardia Nacional;;;;;;;;;;;;;x
social_conservative_NIC;(SC) Partido Conservador;;;;;;;;;;;;;x
market_liberal_NIC;(ML) Partido Democrático;;;;;;;;;;;;;x
social_liberal_NIC;(SL) Partido Liberal Constitucionalista;;;;;;;;;;;;;x
social_democrat_NIC;(SD) Partido Socialista Nicaragüense;;;;;;;;;;;;;x
left_wing_radical_NIC;(LR) Partido Obrero Socialista;;;;;;;;;;;;;x
leninist_NIC;(L) Frente Sandinista de Liberación Nacional;;;;;;;;;;;;;x
stalinist_NIC;(S) Partido Comunista de Nicaragua;;;;;;;;;;;;;x
national_socialist_NOR;(NS) Nasjonal Samling;;;;;;;;;;;;;x
fascistic_NOR;(F) Hirden;;;;;;;;;;;;;x
paternal_autocrat_NOR;(PA) Nasjonalpartiet;;;;;;;;;;;;;x
social_conservative_NOR;(SC) Kristelig Folkeparti;;;;;;;;;;;;;x
market_liberal_NOR;(ML) Høyre;;;;;;;;;;;;;x
social_liberal_NOR;(SL) Venstre;;;;;;;;;;;;;x
social_democrat_NOR;(SD) Arbeiderpartiet;;;;;;;;;;;;;x
left_wing_radical_NOR;(LR) Norges Socialdemokratiske Arbeiderparti;;;;;;;;;;;;;x
leninist_NOR;(L) Mot Dag;;;;;;;;;;;;;x
stalinist_NOR;(S) Norges Kommunistiske Parti;;;;;;;;;;;;;x
national_socialist_NZL;(NS) National Socialist Party;;;;;;;;;;;;;x
fascistic_NZL;(F) United National Front;;;;;;;;;;;;;x
paternal_autocrat_NZL;(PA) People's Movement;;;;;;;;;;;;;x
social_conservative_NZL;(SC) National Party;;;;;;;;;;;;;x
market_liberal_NZL;(ML) United Party;;;;;;;;;;;;;x
social_liberal_NZL;(SL) Reform Party;;;;;;;;;;;;;x
social_democrat_NZL;(SD) Labour Party;;;;;;;;;;;;;x
left_wing_radical_NZL;(LR) Socialist Party;;;;;;;;;;;;;x
leninist_NZL;(L) Social Democratic Party;;;;;;;;;;;;;x
stalinist_NZL;(S) Communist Party of New Zealand;;;;;;;;;;;;;x
national_socialist_AST;(NS) National Socialist League;;;;;;;;;;;;;x
fascistic_AST;(F) Australian Union of Fascists;;;;;;;;;;;;;x
paternal_autocrat_AST;(PA) All For Australia League;;;;;;;;;;;;;x
social_conservative_AST;(SC) Country Party;;;;;;;;;;;;;x
market_liberal_AST;(ML) United Australia Party;;;;;;;;;;;;;x
social_liberal_AST;(SL) Douglas Credit Party;;;;;;;;;;;;;x
social_democrat_AST;(SD) Australian Labor Party;;;;;;;;;;;;;x
left_wing_radical_AST;(LR) Movement Against War and Fascism;;;;;;;;;;;;;x
leninist_AST;(L) State Labor Party;;;;;;;;;;;;;x
stalinist_AST;(S) Communist Party of Australia;;;;;;;;;;;;;x
national_socialist_OMN;(NS) Arab National Socialist Party;;;;;;;;;;;;;x
fascistic_OMN;(F) Arab Fascistic Front;;;;;;;;;;;;;x
paternal_autocrat_OMN;(PA) National Party;;;;;;;;;;;;;x
social_conservative_OMN;(SC) Muslim Brotherhood;;;;;;;;;;;;;x
market_liberal_OMN;(ML) Reform Party;;;;;;;;;;;;;x
social_liberal_OMN;(SL) Arabic Democratic Unionist Party;;;;;;;;;;;;;x
social_democrat_OMN;(SD) Arab Socialist Union;;;;;;;;;;;;;x
left_wing_radical_OMN;(LR) Arab Popular Party;;;;;;;;;;;;;x
leninist_OMN;(L) Ba'ath Party;;;;;;;;;;;;;x
stalinist_OMN;(S) Communist Party of Oman;;;;;;;;;;;;;x
national_socialist_PAK;(NS) National Socialist Party;;;;;;;;;;;;;x
fascistic_PAK;(F) Pakistan Fascist Front;;;;;;;;;;;;;x
paternal_autocrat_PAK;(PA) Jamaat-e-Islami;;;;;;;;;;;;;x
social_conservative_PAK;(SC) Muslim League;;;;;;;;;;;;;x
market_liberal_PAK;(ML) Republican Party;;;;;;;;;;;;;x
social_liberal_PAK;(SL) Pakistan's People's Party;;;;;;;;;;;;;x
social_democrat_PAK;(SD) Awami National Party;;;;;;;;;;;;;x
left_wing_radical_PAK;(LR) Revolutionary Party;;;;;;;;;;;;;x
leninist_PAK;(L) Pakistan Workers Party;;;;;;;;;;;;;x
stalinist_PAK;(S) Communist Party of Pakistan;;;;;;;;;;;;;x
national_socialist_PAL;(NS) Arab National Socialist Party;;;;;;;;;;;;;x
fascistic_PAL;(F) Arab Fascistic Front;;;;;;;;;;;;;x
paternal_autocrat_PAL;(PA) The Hashemites;;;;;;;;;;;;;x
social_conservative_PAL;(SC) Muslim Brotherhood;;;;;;;;;;;;;x
market_liberal_PAL;(ML) Reform Party;;;;;;;;;;;;;x
social_liberal_PAL;(SL) Arabic Democratic Unionist Party;;;;;;;;;;;;;x
social_democrat_PAL;(SD) Arab Socialist Union;;;;;;;;;;;;;x
left_wing_radical_PAL;(LR) Worker-Communist Party;;;;;;;;;;;;;x
leninist_PAL;(L) Ba'ath Party;;;;;;;;;;;;;x
stalinist_PAL;(S) Palestine Communist Party;;;;;;;;;;;;;x
national_socialist_PNM;(NS) Movimiento Nacional Socialista;;;;;;;;;;;;;x
fascistic_PNM;(F) Falange de Panamá;;;;;;;;;;;;;x
paternal_autocrat_PNM;(PA) Partido Nacional de Panamá;;;;;;;;;;;;;x
social_conservative_PNM;(SC) Partido Conservador;;;;;;;;;;;;;x
market_liberal_PNM;(ML) Movimiento Liberal Republicano Nacionalista;;;;;;;;;;;;;x
social_liberal_PNM;(SL) Partido Revolucionario;;;;;;;;;;;;;x
social_democrat_PNM;(SD) Partido Revolucionario Democrático;;;;;;;;;;;;;x
left_wing_radical_PNM;(LR) Partido del Pueblo de Panamá;;;;;;;;;;;;;x
leninist_PNM;(L) Frente Obrero Socialista;;;;;;;;;;;;;x
stalinist_PNM;(S) Partido Comunista de Panamá;;;;;;;;;;;;;x
national_socialist_PAR;(NS) Movimiento Nacional Socialista;;;;;;;;;;;;;x
fascistic_PAR;(F) Falange del Paraguayo;;;;;;;;;;;;;x
paternal_autocrat_PAR;(PA) Partido Colorado,;;;;;;;;;;;;;x
social_conservative_PAR;(SC) Partido Conservador;;;;;;;;;;;;;x
market_liberal_PAR;(ML) Partido Liberal;;;;;;;;;;;;;x
social_liberal_PAR;(SL) Partido Liberal Radical Auténtico;;;;;;;;;;;;;x
social_democrat_PAR;(SD) Partido Socialista;;;;;;;;;;;;;x
left_wing_radical_PAR;(LR) Partido Socialista Revolucionario;;;;;;;;;;;;;x
leninist_PAR;(L) Partido Patria Libre;;;;;;;;;;;;;x
stalinist_PAR;(S) Partido Comunista Paraguayo;;;;;;;;;;;;;x
national_socialist_PER;(NS) Goruh-e Intiqam;;;;;;;;;;;;;x
fascistic_PER;(F) Hezb-e Pan-Iranist;;;;;;;;;;;;;x
paternal_autocrat_PER;(PA) Hezb-e Rastakhiz;;;;;;;;;;;;;x
social_conservative_PER;(SC) Hezb-e Iran;;;;;;;;;;;;;x
market_liberal_PER;(ML) Jebhe Milli Iran;;;;;;;;;;;;;x
social_liberal_PER;(SL) Hezb-e Musherevete-ye Iran;;;;;;;;;;;;;x
social_democrat_PER;(SD) Hezb-e Zahmetkashha Iran;;;;;;;;;;;;;x
left_wing_radical_PER;(LR) Hezb-e Tudeh;;;;;;;;;;;;;x
leninist_PER;(L) Hezb-e Kar-e Iran;;;;;;;;;;;;;x
stalinist_PER;(S) Hezb-e Komunist Iran;;;;;;;;;;;;;x
national_socialist_PHL;(NS) Ganap Partido;;;;;;;;;;;;;x
fascistic_PHL;(F) Sakdalista;;;;;;;;;;;;;x
paternal_autocrat_PHL;(PA) Kapisanan ng Paglilingkod sa Bagong Pilipinas;;;;;;;;;;;;;x
social_conservative_PHL;(SC) Kilusang Bagong Lipunan;;;;;;;;;;;;;x
market_liberal_PHL;(ML) Partido Liberal ng Pilipinas;;;;;;;;;;;;;x
social_liberal_PHL;(SL) Partido Nacionalista;;;;;;;;;;;;;x
social_democrat_PHL;(SD) Bagong Alyansang Makabayan;;;;;;;;;;;;;x
left_wing_radical_PHL;(LR) Kilusang Mayo Uno;;;;;;;;;;;;;x
leninist_PHL;(L) Partido Sosyalista ng Pilipinas;;;;;;;;;;;;;x
stalinist_PHL;(S) Partido Komunista ng Pilipinas;;;;;;;;;;;;;x
national_socialist_POL;(NS) Deutsche Vereinigung;;;;;;;;;;;;;x
fascistic_POL;(F) Obóz Narodowo Radykalny;;;;;;;;;;;;;x
paternal_autocrat_POL;(PA) Obóz Zjednoczenia Narodowego;;;;;;;;;;;;;x
social_conservative_POL;(SC) Polskie Stronnictwo Ludowe;;;;;;;;;;;;;x
market_liberal_POL;(ML) Zwi¹zek Ludowo-Narodowy;;;;;;;;;;;;;x
social_liberal_POL;(SL) Polskie Stronnictwo Chrzeœcijañskiej Demokracji;;;;;;;;;;;;;x
social_democrat_POL;(SD) Polska Partia Socjalistyczna;;;;;;;;;;;;;x
left_wing_radical_POL;(LR) Polska Partia Socjalistyczna – Lewica;;;;;;;;;;;;;x
leninist_POL;(L) Komunistyczna Partia Polski Mijal;;;;;;;;;;;;;x
stalinist_POL;(S) Komunistyczna Partia Polski;;;;;;;;;;;;;x
national_socialist_POR;(NS) Partido Nacional Socialista Portugues;;;;;;;;;;;;;x
fascistic_POR;(F) Movimento Nacional-Sindicalista;;;;;;;;;;;;;x
paternal_autocrat_POR;(PA) União Nacional;;;;;;;;;;;;;x
social_conservative_POR;(SC) Partido Republicano Nacionalista;;;;;;;;;;;;;x
market_liberal_POR;(ML) Partido Liberal-Democrata;;;;;;;;;;;;;x
social_liberal_POR;(SL) Partido Social Democrata;;;;;;;;;;;;;x
social_democrat_POR;(SD) Partido Socialista Portugues;;;;;;;;;;;;;x
left_wing_radical_POR;(LR) Partido Republicano Portugues;;;;;;;;;;;;;x
leninist_POR;(L) Partido Comunista de Portugal Marxista-Leninista;;;;;;;;;;;;;x
stalinist_POR;(S) Partido Comunista Portugues;;;;;;;;;;;;;x
national_socialist_PRK;(NS) Gugga Sahoejuui Jibdang;;;;;;;;;;;;;x
fascistic_PRK;(F) Pasiseuteu Jeonmyeon;;;;;;;;;;;;;x
paternal_autocrat_PRK;(PA) Minju Gonghwadang;;;;;;;;;;;;;x
social_conservative_PRK;(SC) Minju Jeonguidang;;;;;;;;;;;;;x
market_liberal_PRK;(ML) Jayudang;;;;;;;;;;;;;x
social_liberal_PRK;(SL) Han'guk Minjudang;;;;;;;;;;;;;x
social_democrat_PRK;(SD) Minju Nodongdang;;;;;;;;;;;;;x
left_wing_radical_PRK;(LR) Choson Inmindang;;;;;;;;;;;;;x
leninist_PRK;(L) Choson Kongsantang;;;;;;;;;;;;;x
stalinist_PRK;(S) Choson Rodongdang;;;;;;;;;;;;;x
national_socialist_PRU;(NS) Movimiento Nacional Socialista;;;;;;;;;;;;;x
fascistic_PRU;(F) Falange del Perú;;;;;;;;;;;;;x
paternal_autocrat_PRU;(PA) Partido Civil;;;;;;;;;;;;;x
social_conservative_PRU;(SC) Acción Popular;;;;;;;;;;;;;x
market_liberal_PRU;(ML) Partido Liberal del Perú;;;;;;;;;;;;;x
social_liberal_PRU;(SL) Alianza Popular Revolucionaria Americana;;;;;;;;;;;;;x
social_democrat_PRU;(SD) Partido Socialista del Perú;;;;;;;;;;;;;x
left_wing_radical_PRU;(LR) Partido Revolucionario de los Trabajadores;;;;;;;;;;;;;x
leninist_PRU;(L) Gruppo Marxista de los Trabajadores;;;;;;;;;;;;;x
stalinist_PRU;(S) Partido Comunista Peruano;;;;;;;;;;;;;x
national_socialist_ROM;(NS) Partidul Naþional-Socialist;;;;;;;;;;;;;x
fascistic_ROM;(F) Garda de Fier;;;;;;;;;;;;;x
paternal_autocrat_ROM;(PA) Frontul Renaºterii Naþionale;;;;;;;;;;;;;x
social_conservative_ROM;(SC) Partidul Naþional Creºtin;;;;;;;;;;;;;x
market_liberal_ROM;(ML) Partidul Naþional Liberal;;;;;;;;;;;;;x
social_liberal_ROM;(SL) Partidul Naþional Liberal-Tãtãrescu;;;;;;;;;;;;;x
social_democrat_ROM;(SD) Partidul Social Democrat Român;;;;;;;;;;;;;x
left_wing_radical_ROM;(LR) Partidul Social-Democrat Român Muncitorilor;;;;;;;;;;;;;x
leninist_ROM;(L) Partidul Socialist din România;;;;;;;;;;;;;x
stalinist_ROM;(S) Partidul Comunist Român;;;;;;;;;;;;;x
national_socialist_RSI;(NS) Partito Nazionalsocialista Italiano dei Lavoratori;;;;;;;;;;;;;x
fascistic_RSI;(F) Partito Fascista Repubblicano;;;;;;;;;;;;;x
paternal_autocrat_RSI;(PA) Associazione Nazionalista Italiana;;;;;;;;;;;;;x
social_conservative_RSI;(SC) Partito Popolare Italiano;;;;;;;;;;;;;x
market_liberal_RSI;(ML) Partito Repubblicano Italiano;;;;;;;;;;;;;x
social_liberal_RSI;(SL) Partito Liberale Democratico;;;;;;;;;;;;;x
social_democrat_RSI;(SD) Partito Socialista Unitario;;;;;;;;;;;;;x
left_wing_radical_RSI;(LR) Partito Radicale;;;;;;;;;;;;;x
leninist_RSI;(L) Partito Socialista dei Lavoratori Italiani;;;;;;;;;;;;;x
stalinist_RSI;(S) Partito Comunista Italiano;;;;;;;;;;;;;x
national_socialist_RUS;(NS) Russkoye Osvoboditel'noye Dvizheniye;;;;;;;;;;;;;x
fascistic_RUS;(F) Rossiyskaya Fashistskaya Partiya;;;;;;;;;;;;;x
paternal_autocrat_RUS;(PA) Russkaya Osvoboditel'naya Armiya;;;;;;;;;;;;;x
social_conservative_RUS;(SC) Oktyabristy Partiya;;;;;;;;;;;;;x
market_liberal_RUS;(ML) Konstitutsionnaya Demokraticheskaya Partiya;;;;;;;;;;;;;x
social_liberal_RUS;(SL) Trudovaya Gruppa;;;;;;;;;;;;;x
social_democrat_RUS;(SD) Partiya Sotsialistov-Revolyutsionerov;;;;;;;;;;;;;x
left_wing_radical_RUS;(LR) Bukharinskoy Kontrrevolyutsionery;;;;;;;;;;;;;x
leninist_RUS;(L) Trotskistskiye Kontrrevolyutsionery;;;;;;;;;;;;;x
stalinist_RUS;(S) Kommunisticheskaya Partiya Sovetskogo Soyuza;;;;;;;;;;;;;x
national_socialist_SAL;(NS) Moviemento de Nacional Socialista;;;;;;;;;;;;;x
fascistic_SAL;(F) Falange de El Salvador;;;;;;;;;;;;;x
paternal_autocrat_SAL;(PA) Partido Nacional;;;;;;;;;;;;;x
social_conservative_SAL;(SC) Alianza Republicana Nacionalista;;;;;;;;;;;;;x
market_liberal_SAL;(ML) Partido Nacional Liberal;;;;;;;;;;;;;x
social_liberal_SAL;(SL) Centro Democrático Unido;;;;;;;;;;;;;x
social_democrat_SAL;(SD) Partido Social Demócrata;;;;;;;;;;;;;x
left_wing_radical_SAL;(LR) Frente Farabundo Martí para la Liberación Nacional;;;;;;;;;;;;;x
leninist_SAL;(L) Ejército Revolucionario del Pueblo;;;;;;;;;;;;;x
stalinist_SAL;(S) Partido Comunista de El Salvador;;;;;;;;;;;;;x
national_socialist_SAU;(NS) Arab National Socialist Party;;;;;;;;;;;;;x
fascistic_SAU;(F) Arab Fascistic Front;;;;;;;;;;;;;x
paternal_autocrat_SAU;(PA) The Sauds;;;;;;;;;;;;;x
social_conservative_SAU;(SC) Muslim Brotherhood;;;;;;;;;;;;;x
market_liberal_SAU;(ML) Reform Party;;;;;;;;;;;;;x
social_liberal_SAU;(SL) Arabic Democratic Unionist Party;;;;;;;;;;;;;x
social_democrat_SAU;(SD) Arab Socialist Union;;;;;;;;;;;;;x
left_wing_radical_SAU;(LR) Arab Popular Party;;;;;;;;;;;;;x
leninist_SAU;(L) Ba'ath Party;;;;;;;;;;;;;x
stalinist_SAU;(S) Communist Party of Saudi Arabia;;;;;;;;;;;;;x
national_socialist_SCH;(NS) Eidgenössische Sammlung;;;;;;;;;;;;;x
fascistic_SCH;(F) National Front;;;;;;;;;;;;;x
paternal_autocrat_SCH;(PA) Katholische Konservative Partei;;;;;;;;;;;;;x
social_conservative_SCH;(SC) Bürgerlich-Demokratische Partei Schweiz;;;;;;;;;;;;;x
market_liberal_SCH;(ML) Liberale Partei der Schweiz;;;;;;;;;;;;;x
social_liberal_SCH;(SL) Freisinnig-Demokratische Partei;;;;;;;;;;;;;x
social_democrat_SCH;(SD) Sozialdemokratische Partei der Schweiz;;;;;;;;;;;;;x
left_wing_radical_SCH;(LR) Partei der Arbeit der Schweiz;;;;;;;;;;;;;x
leninist_SCH;(L) Kommunistische Partei der Schweiz-Opposition;;;;;;;;;;;;;x
stalinist_SCH;(S) Kommunistische Partei der Schweiz;;;;;;;;;;;;;x
national_socialist_SIA;(NS) National Socialist Party;;;;;;;;;;;;;x
fascistic_SIA;(F) Fascistic Front;;;;;;;;;;;;;x
paternal_autocrat_SIA;(PA) Khana Ratsadon;;;;;;;;;;;;;x
social_conservative_SIA;(SC) Democrat Party;;;;;;;;;;;;;x
market_liberal_SIA;(ML) Liberal Party;;;;;;;;;;;;;x
social_liberal_SIA;(SL) Khabuankarn Seri Thai;;;;;;;;;;;;;x
social_democrat_SIA;(SD) Social Democrat Party;;;;;;;;;;;;;x
left_wing_radical_SIA;(LR) Revolutionary Party;;;;;;;;;;;;;x
leninist_SIA;(L) Workers and Peasants Party;;;;;;;;;;;;;x
stalinist_SIA;(S) Communist Party of Siam;;;;;;;;;;;;;x
national_socialist_SIK;(NS) National Socialist Party;;;;;;;;;;;;;x
fascistic_SIK;(F) Fascistic Front;;;;;;;;;;;;;x
paternal_autocrat_SIK;(PA) National Party;;;;;;;;;;;;;x
social_conservative_SIK;(SC) Conservative Party;;;;;;;;;;;;;x
market_liberal_SIK;(ML) Lberal Party;;;;;;;;;;;;;x
social_liberal_SIK;(SL) Social Liberal Party;;;;;;;;;;;;;x
social_democrat_SIK;(SD) Social Democrat Party;;;;;;;;;;;;;x
left_wing_radical_SIK;(LR) Revolutionary Party;;;;;;;;;;;;;x
leninist_SIK;(L) Workers and Peasants Party;;;;;;;;;;;;;x
stalinist_SIK;(S) Communist Party of Sinkiang;;;;;;;;;;;;;x
national_socialist_SLO;(NS) Hlinkova Garda;;;;;;;;;;;;;x
fascistic_SLO;(F) Hlinkova slovenská Iudová Strana;;;;;;;;;;;;;x
paternal_autocrat_SLO;(PA) Slovenská Národná Strana;;;;;;;;;;;;;x
social_conservative_SLO;(SC) Strana Slobody;;;;;;;;;;;;;x
market_liberal_SLO;(ML) Liberalna Stranka;;;;;;;;;;;;;x
social_liberal_SLO;(SL) Demokratska Stranka;;;;;;;;;;;;;x
social_democrat_SLO;(SD) Sociálnodemokratická Strana Slovenska;;;;;;;;;;;;;x
left_wing_radical_SLO;(LR) Strana Práce;;;;;;;;;;;;;x
leninist_SLO;(L) Strana Slovenskej Obrody;;;;;;;;;;;;;x
stalinist_SLO;(S) Komunistická Strana Slovenska;;;;;;;;;;;;;x
national_socialist_SOV;(NS) Russkoye Osvoboditel'noye Dvizheniye;;;;;;;;;;;;;x
fascistic_SOV;(F) Rossiyskaya Fashistskaya Partiya;;;;;;;;;;;;;x
paternal_autocrat_SOV;(PA) Russkaya Osvoboditel'naya Armiya;;;;;;;;;;;;;x
social_conservative_SOV;(SC) Oktyabristy Partiya;;;;;;;;;;;;;x
market_liberal_SOV;(ML) Konstitutsionnaya Demokraticheskaya Partiya;;;;;;;;;;;;;x
social_liberal_SOV;(SL) Trudovaya Gruppa;;;;;;;;;;;;;x
social_democrat_SOV;(SD) Partiya Sotsialistov-Revolyutsionerov;;;;;;;;;;;;;x
left_wing_radical_SOV;(LR) Bukharinskoy Kontrrevolyutsionery;;;;;;;;;;;;;x
leninist_SOV;(L) Trotskistskiye Kontrrevolyutsionery;;;;;;;;;;;;;x
stalinist_SOV;(S) Kommunisticheskaya Partiya Sovetskogo Soyuza;;;;;;;;;;;;;x
national_socialist_SPA;(NS) Falange Tradicionalista;;;;;;;;;;;;;x
fascistic_SPA;(F) Falange;;;;;;;;;;;;;x
paternal_autocrat_SPA;(PA) Communion Tradicionalista;;;;;;;;;;;;;x
social_conservative_SPA;(SC) Confederacion de Derechas Autonomas;;;;;;;;;;;;;x
market_liberal_SPA;(ML) Union Republicana;;;;;;;;;;;;;x
social_liberal_SPA;(SL) Izquierda Republicana;;;;;;;;;;;;;x
social_democrat_SPA;(SD) Partido Socialista Obrero de Espana;;;;;;;;;;;;;x
left_wing_radical_SPA;(LR) Confederacion Nacional de Trabajo;;;;;;;;;;;;;x
leninist_SPA;(L) Parti do Obrero de Unification Marxista;;;;;;;;;;;;;x
stalinist_SPA;(S) Partido Communista de Espana;;;;;;;;;;;;;x
national_socialist_SPR;(NS) Falange Tradicionalista;;;;;;;;;;;;;x
fascistic_SPR;(F) Falange;;;;;;;;;;;;;x
paternal_autocrat_SPR;(PA) Communion Tradicionalista;;;;;;;;;;;;;x
social_conservative_SPR;(SC) Confederacion de Derechas Autonomas;;;;;;;;;;;;;x
market_liberal_SPR;(ML) Derecha Liberal Republicana;;;;;;;;;;;;;x
social_liberal_SPR;(SL) Unión Republicana;;;;;;;;;;;;;x
social_democrat_SPR;(SD) Partido Socialista Obrero de Espana;;;;;;;;;;;;;x
left_wing_radical_SPR;(LR) Confederacion Nacional de Trabajo;;;;;;;;;;;;;x
leninist_SPR;(L) Parti do Obrero de Unification Marxista ;;;;;;;;;;;;;x
stalinist_SPR;(S) Partido Communista de Espana;;;;;;;;;;;;;x
national_socialist_SYR;(NS) Arab National Socialist Party;;;;;;;;;;;;;x
fascistic_SYR;(F) Arab Fascistic Front;;;;;;;;;;;;;x
paternal_autocrat_SYR;(PA) The Hashemites;;;;;;;;;;;;;x
social_conservative_SYR;(SC) Muslim Brotherhood;;;;;;;;;;;;;x
market_liberal_SYR;(ML) Reform Party;;;;;;;;;;;;;x
social_liberal_SYR;(SL) Arabic Democratic Unionist Party;;;;;;;;;;;;;x
social_democrat_SYR;(SD) Arab Socialist Union;;;;;;;;;;;;;x
left_wing_radical_SYR;(LR) Arab Workers Party;;;;;;;;;;;;;x
leninist_SYR;(L) Ba'ath Party;;;;;;;;;;;;;x
stalinist_SYR;(S) Communist Party of Syria;;;;;;;;;;;;;x
national_socialist_SWE;(NS) Socialistisk Samling;;;;;;;;;;;;;x
fascistic_SWE;(F) Svensk Opposition;;;;;;;;;;;;;x
paternal_autocrat_SWE;(PA) Nationella Förbundet;;;;;;;;;;;;;x
social_conservative_SWE;(SC) Högerpartiet;;;;;;;;;;;;;x
market_liberal_SWE;(ML) Folkpartiet;;;;;;;;;;;;;x
social_liberal_SWE;(SL) Bondeförbundet;;;;;;;;;;;;;x
social_democrat_SWE;(SD) Socialdemokraterna;;;;;;;;;;;;;x
left_wing_radical_SWE;(LR) Socialistiska Partiet;;;;;;;;;;;;;x
leninist_SWE;(L) Vänstersocialistiska Partiet;;;;;;;;;;;;;x
stalinist_SWE;(S) Kommunistiska Partiet;;;;;;;;;;;;;x
national_socialist_TAN;(NS) National Socialist Party;;;;;;;;;;;;;x
fascistic_TAN;(F) Fascistic Front;;;;;;;;;;;;;x
paternal_autocrat_TAN;(PA) Tuvan National Party;;;;;;;;;;;;;x
social_conservative_TAN;(SC) Conservative Party;;;;;;;;;;;;;x
market_liberal_TAN;(ML) Liberal Union;;;;;;;;;;;;;x
social_liberal_TAN;(SL) Social Liberal Party;;;;;;;;;;;;;x
social_democrat_TAN;(SD) Social Democratic Party;;;;;;;;;;;;;x
left_wing_radical_TAN;(LR) Social Revolutionary Party;;;;;;;;;;;;;x
leninist_TAN;(L) Socialist Workers Party;;;;;;;;;;;;;x
stalinist_TAN;(S) Tuvan People's Revolutionary Party;;;;;;;;;;;;;x
national_socialist_TIB;(NS) National Socialist Patry;;;;;;;;;;;;;x
fascistic_TIB;(F) Fascistic Front;;;;;;;;;;;;;x
paternal_autocrat_TIB;(PA) Gelug-pa;;;;;;;;;;;;;x
social_conservative_TIB;(SC) Nyingma;;;;;;;;;;;;;x
market_liberal_TIB;(ML) Lberal Party;;;;;;;;;;;;;x
social_liberal_TIB;(SL) Social Liberal Party;;;;;;;;;;;;;x
social_democrat_TIB;(SD) Social Democrat Party;;;;;;;;;;;;;x
left_wing_radical_TIB;(LR) Revolutionary Party;;;;;;;;;;;;;x
leninist_TIB;(L) Workers and Peasants Party;;;;;;;;;;;;;x
stalinist_TIB;(S) Communist Party of Tibet;;;;;;;;;;;;;x
national_socialist_TUR;(NS) Ülkücü Hareket;;;;;;;;;;;;;x
fascistic_TUR;(F) Milliyetçi Hareket Partisi;;;;;;;;;;;;;x
paternal_autocrat_TUR;(PA) Cumhuriyet Halk Partisi;;;;;;;;;;;;;x
social_conservative_TUR;(SC) Millet Partisi;;;;;;;;;;;;;x
market_liberal_TUR;(ML) Demokrat Parti;;;;;;;;;;;;;x
social_liberal_TUR;(SL) Serbest Cumhuriyet Firkasi;;;;;;;;;;;;;x
social_democrat_TUR;(SD) Türkiye Isçi Partisi;;;;;;;;;;;;;x
left_wing_radical_TUR;(LR) Emek Partisi;;;;;;;;;;;;;x
leninist_TUR;(L) Devrimci Sosyalist Isçi Partisi;;;;;;;;;;;;;x
stalinist_TUR;(S) Türkiye Komünist Partisi;;;;;;;;;;;;;x
national_socialist_URU;(NS) Movimiento Nacional Socialista;;;;;;;;;;;;;x
fascistic_URU;(F) Falange del Uruguay;;;;;;;;;;;;;x
paternal_autocrat_URU;(PA) Partido Colorado,;;;;;;;;;;;;;x
social_conservative_URU;(SC) Partido Conservador;;;;;;;;;;;;;x
market_liberal_URU;(ML) Partido Liberal;;;;;;;;;;;;;x
social_liberal_URU;(SL) Partido Blanco;;;;;;;;;;;;;x
social_democrat_URU;(SD) Partido Socialista del Uruguay;;;;;;;;;;;;;x
left_wing_radical_URU;(LR) Movimiento de Participación Popular;;;;;;;;;;;;;x
leninist_URU;(L) Partido Obrero;;;;;;;;;;;;;x
stalinist_URU;(S) Partido Comunista del Uruguay;;;;;;;;;;;;;x
national_socialist_USA;(NS) German-American Bund;;;;;;;;;;;;;x
fascistic_USA;(F) Silver Legion of America;;;;;;;;;;;;;x
paternal_autocrat_USA;(PA) America First Committee;;;;;;;;;;;;;x
social_conservative_USA;(SC) Republican Party;;;;;;;;;;;;;x
market_liberal_USA;(ML) Progressive Party;;;;;;;;;;;;;x
social_liberal_USA;(SL) Democratic Party;;;;;;;;;;;;;x
social_democrat_USA;(SD) Democratic Farm-Labor Party;;;;;;;;;;;;;x
left_wing_radical_USA;(LR) Socialist Party;;;;;;;;;;;;;x
leninist_USA;(L) Socialist Workers Party;;;;;;;;;;;;;x
stalinist_USA;(S) Communist Party USA;;;;;;;;;;;;;x
national_socialist_VEN;(NS) Movimiento Nacional Socialista;;;;;;;;;;;;;x
fascistic_VEN;(F) Falange de Venezuela;;;;;;;;;;;;;x
paternal_autocrat_VEN;(PA) Comité de Organización Política Electoral Independiente;;;;;;;;;;;;;x
social_conservative_VEN;(SC) Partido Conservador;;;;;;;;;;;;;x
market_liberal_VEN;(ML) Gran Partido Liberal de Venezuela;;;;;;;;;;;;;x
social_liberal_VEN;(SL) Partido Democrático Venezolano;;;;;;;;;;;;;x
social_democrat_VEN;(SD) Acción Democrática;;;;;;;;;;;;;x
left_wing_radical_VEN;(LR) Partido Republicano Progresista;;;;;;;;;;;;;x
leninist_VEN;(L) Unión Popular Venezolana;;;;;;;;;;;;;x
stalinist_VEN;(S) Partido Comunista de Venezuela;;;;;;;;;;;;;x
national_socialist_VIC;(NS) Parti Populaire Français;;;;;;;;;;;;;x
fascistic_VIC;(F) Mouvement Franciste;;;;;;;;;;;;;x
paternal_autocrat_VIC;(PA) Action Française;;;;;;;;;;;;;x
social_conservative_VIC;(SC) Fédération Républicaine;;;;;;;;;;;;;x
market_liberal_VIC;(ML) Mouvement Républicain Populaire;;;;;;;;;;;;;x
social_liberal_VIC;(SL) Alliance Démocratique;;;;;;;;;;;;;x
social_democrat_VIC;(SD) Section Française de l'Internationale Ouvriere;;;;;;;;;;;;;x
left_wing_radical_VIC;(LR) Parti Radical;;;;;;;;;;;;;x
leninist_VIC;(L) Parti d'Unité Prolétarienne;;;;;;;;;;;;;x
stalinist_VIC;(S) Parti Communiste Français;;;;;;;;;;;;;x
national_socialist_YEM;(NS) Arab National Socialist Party;;;;;;;;;;;;;x
fascistic_YEM;(F) Arab Fascistic Front;;;;;;;;;;;;;x
paternal_autocrat_YEM;(PA) National Party;;;;;;;;;;;;;x
social_conservative_YEM;(SC) Muslim Brotherhood;;;;;;;;;;;;;x
market_liberal_YEM;(ML) Reform Party;;;;;;;;;;;;;x
social_liberal_YEM;(SL) Arabic Democratic Unionist Party;;;;;;;;;;;;;x
social_democrat_YEM;(SD) Arab Socialist Union;;;;;;;;;;;;;x
left_wing_radical_YEM;(LR) Arab Socialist Movement;;;;;;;;;;;;;x
leninist_YEM;(L) Ba'ath Party;;;;;;;;;;;;;x
stalinist_YEM;(S) Communist Party of Yemen;;;;;;;;;;;;;x
national_socialist_YUG;(NS) Partei der Deutschen;;;;;;;;;;;;;x
fascistic_YUG;(F) ZBOR;;;;;;;;;;;;;x
paternal_autocrat_YUG;(PA) Narodna radikalna stranka;;;;;;;;;;;;;x
social_conservative_YUG;(SC) Seljacko-demokratska koalicija;;;;;;;;;;;;;x
market_liberal_YUG;(ML) Liberalna stranka;;;;;;;;;;;;;x
social_liberal_YUG;(SL) Demokratska stranka;;;;;;;;;;;;;x
social_democrat_YUG;(SD) Jugoslovenska republikanska stranka;;;;;;;;;;;;;x
left_wing_radical_YUG;(LR) Centrumasi;;;;;;;;;;;;;x
leninist_YUG;(L) Socijalisticka radnicka partija Jugoslavije;;;;;;;;;;;;;x
stalinist_YUG;(S) Komunisticka partija Jugoslavije;;;;;;;;;;;;;x
national_socialist_KWT;(NS) Arab National Socialist Party;;;;;;;;;;;;;x
fascistic_KWT;(F) Arab Fascistic Front;;;;;;;;;;;;;x
paternal_autocrat_KWT;(PA) Majlis Al-Umma;;;;;;;;;;;;;x
social_conservative_KWT;(SC) Muslim Brotherhood;;;;;;;;;;;;;x
market_liberal_KWT;(ML) Reform Party;;;;;;;;;;;;;x
social_liberal_KWT;(SL) Arabic Democratic Unionist Party;;;;;;;;;;;;;x
social_democrat_KWT;(SD) Arab Socialist Union;;;;;;;;;;;;;x
left_wing_radical_KWT;(LR) Arab Socialist Movement;;;;;;;;;;;;;x
leninist_KWT;(L) Ba'ath Party;;;;;;;;;;;;;x
stalinist_KWT;(S) Communist Party of Kuwait;;;;;;;;;;;;;x
national_socialist_NIR;(NS) National Socialist League;;;;;;;;;;;;;x
fascistic_NIR;(F) Social Credit Party of Northern Ireland;;;;;;;;;;;;;x
paternal_autocrat_NIR;(PA) Ulster Unionist Labour Association;;;;;;;;;;;;;x
social_conservative_NIR;(SC) Ulster Unionist Party;;;;;;;;;;;;;x
market_liberal_NIR;(ML) Progressive Unionist;;;;;;;;;;;;;x
social_liberal_NIR;(SL) Labour Party of Northern Ireland;;;;;;;;;;;;;x
social_democrat_NIR;(SD) Nationalist Party;;;;;;;;;;;;;x
left_wing_radical_NIR;(LR) Irish Labour Party;;;;;;;;;;;;;x
leninist_NIR;(L) Socialist Republican Party;;;;;;;;;;;;;x
stalinist_NIR;(S) Communist Party of Northern Ireland;;;;;;;;;;;;;x
social_democrat_WLS;(SD) Plaid Cymru;;;;;;;;;;;;;x
national_socialist_BBU;(NS) National Socialist Party;;;;;;;;;;;;;x
fascistic_BBU;(F) Fascist Party;;;;;;;;;;;;;x
paternal_autocrat_BBU;(PA) Reconstructionist Party;;;;;;;;;;;;;x
social_conservative_BBU;(SC) Conservative Party;;;;;;;;;;;;;x
market_liberal_BBU;(ML) Liberal Party;;;;;;;;;;;;;x
social_liberal_BBU;(SL) Social Liberal Party;;;;;;;;;;;;;x
social_democrat_BBU;(SD) Social Democrat Party;;;;;;;;;;;;;x
left_wing_radical_BBU;(LR) Burmese Socialist Party;;;;;;;;;;;;;x
leninist_BBU;(L) Burmese Leninist Party;;;;;;;;;;;;;x
stalinist_BBU;(S) Burma Workers and Peasants Party;;;;;;;;;;;;;x
national_socialist_KAZ;(NS) Qazaqstan Natsional-sotsialisticheskaya Partiya;;;;;;;;;;;;;x
fascistic_KAZ;(F) Qazaqstan Fashistskaya Partiya;;;;;;;;;;;;;x
paternal_autocrat_KAZ;(PA) Kazakhskiy Shariata Korolevstvo;;;;;;;;;;;;;x
social_conservative_KAZ;(SC) Qazaqstan Sotsial'naya Konservativnaya Partiya;;;;;;;;;;;;;x
market_liberal_KAZ;(ML) Otan;;;;;;;;;;;;;x
social_liberal_KAZ;(SL) Organizatsiya Ob"yedinennykh Kazakhskogo Perednyaya;;;;;;;;;;;;;x
social_democrat_KAZ;(SD) Zhalpyulttyk Sotsial-Demokratiyalyk Partiya;;;;;;;;;;;;;x
left_wing_radical_KAZ;(LR) Sotsialisticheskikh Revolyutsiy Organizatsii Ob"yedinennykh;;;;;;;;;;;;;x
leninist_KAZ;(L) Qazaqstan Sotsialisticheskaya Partiya;;;;;;;;;;;;;x
stalinist_KAZ;(S) Qazaqstan Kommunistik Partiyasi;;;;;;;;;;;;;x